al4613@nittany.edu,EE320,1
am4447@nittany.edu,PHYS212,2
ak9804@nittany.edu,CMPEN411,2
as1233@nittany.edu,CMPSC360,1
al5684@nittany.edu,CMPSC497,2
al6759@nittany.edu,CMPSC360,1
ah2567@nittany.edu,CMPEN351,2
ab8825@nittany.edu,PHYS211,1
ak1365@nittany.edu,CMPSC465,2
at2037@nittany.edu,PHYS214,2
as3627@nittany.edu,CSE583,2
ah3078@nittany.edu,STAT414,2
ab8389@nittany.edu,CMPEN441,2
at1813@nittany.edu,CMPEN431,1
ao8250@nittany.edu,PHYS212,2
al8826@nittany.edu,EE352,1
ab4479@nittany.edu,EE340,1
al5806@nittany.edu,CHEM111,1
aj1457@nittany.edu,STAT318,1
ar7586@nittany.edu,CSE543,2
am6718@nittany.edu,CMPSC461,1
as4057@nittany.edu,IST558,2
az6923@nittany.edu,IST110,2
ab9912@nittany.edu,MATH140,2
ap8429@nittany.edu,CMPEN454,1
ag4728@nittany.edu,DS220,1
am5109@nittany.edu,MATH140,2
ab3717@nittany.edu,CHEM110,1
ah5707@nittany.edu,IST128,1
ad9791@nittany.edu,EE311,1
aw2983@nittany.edu,PHYS213,2
lj2993@nittany.edu,MATH140,2
rb1832@nittany.edu,EE320,1
ld8122@nittany.edu,IST110,2
md5914@nittany.edu,CMPEN431,2
kf8268@nittany.edu,CMPEN362,2
pz6665@nittany.edu,CHEM112,1
mr6639@nittany.edu,STAT319,1
sc5452@nittany.edu,PHYS211,2
tp8468@nittany.edu,IST128,2
ih9335@nittany.edu,CMPEN331,2
me9525@nittany.edu,EE311,1
pr4075@nittany.edu,CMPSC461,1
nk8056@nittany.edu,EE211,1
jz5577@nittany.edu,CMPSC475,1
jp2632@nittany.edu,ECON101,1
lk7361@nittany.edu,MATH140,2
ks1880@nittany.edu,ECON101,1
ms2404@nittany.edu,STAT415,2
ih5431@nittany.edu,CMPSC431W,1
sm4115@nittany.edu,STAT318,1
js8078@nittany.edu,CMPSC475,2
mb4117@nittany.edu,DS120,2
rm8585@nittany.edu,CMPEN454,1
mg1976@nittany.edu,PHYS214,1
kc4364@nittany.edu,EE211,1
rh2046@nittany.edu,DS120,2
jh2885@nittany.edu,EE352,2
ms9362@nittany.edu,ECON101,1
jl6447@nittany.edu,ECON102,2
mr2329@nittany.edu,PHYS213,2
ma5503@nittany.edu,CMPEN270,1
rb4971@nittany.edu,CMPEN351,1
jc5818@nittany.edu,PHYS211,1
kg2618@nittany.edu,EE352,2
lg4120@nittany.edu,CMPSC131,1
sg2123@nittany.edu,CMPSC497,2
tp3946@nittany.edu,CMPEN441,2
sb5076@nittany.edu,IST128,1
mh2221@nittany.edu,CMPSC497,2
vs8351@nittany.edu,IST110,2
mm1324@nittany.edu,STAT319,1
tg2289@nittany.edu,CMPEN441,1
mk4648@nittany.edu,CSE543,1
sa8884@nittany.edu,CSE543,1
kn1468@nittany.edu,ECON201,2
jk5833@nittany.edu,CMPEN362,2
md1699@nittany.edu,CMPSC448,1
mc4814@nittany.edu,IST110,2
ll2646@nittany.edu,CMPSC132,1
mr3369@nittany.edu,ECON201,2
tb7100@nittany.edu,EE311,2
wm3293@nittany.edu,MATH231,2
jb9557@nittany.edu,CMPEN454,2
ko8881@nittany.edu,CHEM110,1
zj6533@nittany.edu,EE311,2
mb4756@nittany.edu,PHYS211,1
mr3556@nittany.edu,EE320,2
md3813@nittany.edu,EE311,1
km6173@nittany.edu,DS120,2
sg3060@nittany.edu,CMPEN270,1
ms7605@nittany.edu,MATH140,2
tm4946@nittany.edu,STAT318,2
jg1721@nittany.edu,CMPEN411,2
yc2897@nittany.edu,CMPEN270,1
ss9714@nittany.edu,CSE583,1
rb9779@nittany.edu,PHYS214,2
zr6768@nittany.edu,CHEM110,2
rc6428@nittany.edu,EE212,2
jt5287@nittany.edu,CMPSC221,2
lo7605@nittany.edu,CMPEN270,2
tr4637@nittany.edu,STAT414,1
lr3728@nittany.edu,CMPSC475,2
xg4863@nittany.edu,PHYS212,2
me5010@nittany.edu,CSE583,2
lr5472@nittany.edu,EE211,1
sh4974@nittany.edu,CMPEN351,1
la9924@nittany.edu,EE320,2
ms2737@nittany.edu,DS120,2
tb8127@nittany.edu,CMPSC461,1
mm2976@nittany.edu,STAT415,1
th3170@nittany.edu,EE212,1
kk3742@nittany.edu,MATH141,2
nd2615@nittany.edu,EE211,1
sb6428@nittany.edu,EE353,2
rr9237@nittany.edu,CMPEN431,2
mm1660@nittany.edu,CMPSC131,1
mr1462@nittany.edu,PHYS213,1
lg1828@nittany.edu,CHEM110,2
jo7172@nittany.edu,CMPEN331,2
ma5045@nittany.edu,CMPSC221,2
mc4696@nittany.edu,STAT414,2
rs3973@nittany.edu,IST110,1
my7428@nittany.edu,IST558,2
mv4275@nittany.edu,CMPSC132,1
vw5806@nittany.edu,IST110,1
nr4230@nittany.edu,ECON101,2
ma3543@nittany.edu,CMPEN441,2
mc9149@nittany.edu,EE211,2
lg2530@nittany.edu,CSE543,2
sh4671@nittany.edu,CMPEN351,1
mt7030@nittany.edu,EE311,2
lt3713@nittany.edu,CSE583,1
jw3861@nittany.edu,CMPSC465,1
kr4923@nittany.edu,EE211,2
nf6339@nittany.edu,STAT319,2
md6319@nittany.edu,IST110,2
mb1688@nittany.edu,EE353,2
mk5190@nittany.edu,CMPEN411,2
mk3204@nittany.edu,STAT319,1
oc3904@nittany.edu,EE330,1
km6627@nittany.edu,CMPSC461,1
js6308@nittany.edu,CMPSC221,2
jw4897@nittany.edu,EE311,1
vl7715@nittany.edu,CMPSC311,2
ph3861@nittany.edu,STAT318,1
md2194@nittany.edu,CMPEN454,1
jh3919@nittany.edu,PHYS214,1
mw5114@nittany.edu,EE330,2
ld6778@nittany.edu,EE330,1
mc1411@nittany.edu,CSE583,2
lg7099@nittany.edu,CSE583,1
mm9659@nittany.edu,CMPSC475,1
rc5324@nittany.edu,CSE543,1
mz7312@nittany.edu,CMPSC311,1
ml5786@nittany.edu,CMPSC461,1
nh2508@nittany.edu,CMPEN362,2
ms2255@nittany.edu,MATH141,2
mp4954@nittany.edu,CMPSC431W,1
lj7790@nittany.edu,MATH140,2
sr7729@nittany.edu,CHEM111,1
mt8800@nittany.edu,MATH231,1
ld6540@nittany.edu,CMPSC497,1
sv5358@nittany.edu,CMPSC132,2
kf8921@nittany.edu,IST558,1
rh4718@nittany.edu,CMPEN441,2
vt8578@nittany.edu,EE212,2
lu6872@nittany.edu,STAT319,1
lb6520@nittany.edu,EE330,1
kb6941@nittany.edu,CMPEN331,1
rv5469@nittany.edu,CMPSC221,1
ml7975@nittany.edu,CSE543,1
mj4880@nittany.edu,STAT319,2
jf9661@nittany.edu,EE340,2
lt8366@nittany.edu,CMPSC311,2
js7099@nittany.edu,CMPSC132,2
rf2661@nittany.edu,CMPSC221,2
js8165@nittany.edu,EE352,1
kk3115@nittany.edu,CHEM110,1
mr4635@nittany.edu,EE330,1
ve8889@nittany.edu,EE330,1
ml3983@nittany.edu,CMPEN454,2
ld8065@nittany.edu,CMPEN270,1
jk4403@nittany.edu,DS220,2
in2805@nittany.edu,EE212,2
pb8346@nittany.edu,CMPEN362,2
rf1782@nittany.edu,PHYS213,2
mn6721@nittany.edu,EE211,2
sm6043@nittany.edu,CMPEN351,1
lj2224@nittany.edu,DS220,2
wr3515@nittany.edu,CMPSC221,1
wl5243@nittany.edu,EE212,1
jr8665@nittany.edu,CMPSC131,2
ns1210@nittany.edu,CMPEN441,2
ms6173@nittany.edu,MATH141,2
na8379@nittany.edu,EE212,2
ls6337@nittany.edu,CMPSC132,2
sm9645@nittany.edu,CMPSC465,1
rr8243@nittany.edu,CSE583,1
lw4369@nittany.edu,STAT318,2
il3541@nittany.edu,PHYS211,1
mg8505@nittany.edu,CHEM112,2
mo1186@nittany.edu,ECON101,2
pw1726@nittany.edu,CMPSC465,2
lm6031@nittany.edu,CMPEN351,2
mj6359@nittany.edu,IST558,2
pc8832@nittany.edu,PHYS213,2
mf8214@nittany.edu,CMPEN351,1
jb5052@nittany.edu,MATH230,2
ma8938@nittany.edu,CSE543,2
lf4727@nittany.edu,CHEM112,2
jh1874@nittany.edu,EE210,2
rb6281@nittany.edu,EE210,1
mr5864@nittany.edu,CMPSC465,1
ml6213@nittany.edu,CMPSC431W,2
mk7773@nittany.edu,EE330,1
nc8172@nittany.edu,CMPSC131,1
mj5914@nittany.edu,PHYS212,2
me2148@nittany.edu,ECON102,2
mk8847@nittany.edu,MATH140,2
my3786@nittany.edu,CMPSC311,1
jm3669@nittany.edu,ECON201,2
uf7067@nittany.edu,EE210,1
mr2575@nittany.edu,ECON102,2
mb3709@nittany.edu,IST128,1
jk4409@nittany.edu,EE353,1
ys9174@nittany.edu,CMPEN431,2
rf1538@nittany.edu,ECON201,2
no6118@nittany.edu,CHEM110,2
lc4994@nittany.edu,EE320,2
oh8195@nittany.edu,CMPEN351,1
jc2471@nittany.edu,CMPSC221,2
mm3162@nittany.edu,CMPSC448,2
jh7997@nittany.edu,CHEM111,2
ik6824@nittany.edu,CSE583,2
tk5748@nittany.edu,EE210,1
ts1830@nittany.edu,CMPSC360,2
kr6619@nittany.edu,STAT318,2
rk2653@nittany.edu,CMPEN411,2
sg4622@nittany.edu,ECON101,1
jl3236@nittany.edu,ECON101,2
kh1826@nittany.edu,PHYS214,1
me2596@nittany.edu,MATH231,1
jl9851@nittany.edu,STAT414,1
sw7724@nittany.edu,MATH231,2
kh5883@nittany.edu,CSE543,2
mn2842@nittany.edu,CMPEN331,1
mt7911@nittany.edu,CMPSC465,1
pf6936@nittany.edu,IST128,2
mc8336@nittany.edu,CMPEN441,2
mv1311@nittany.edu,CHEM112,1
kk2666@nittany.edu,CMPSC497,1
ok7520@nittany.edu,IST558,2
mt3151@nittany.edu,CHEM111,2
lb8326@nittany.edu,CMPEN441,1
lh1031@nittany.edu,CMPSC132,1
mn1239@nittany.edu,PHYS211,2
ka1472@nittany.edu,CMPSC475,2
tt1799@nittany.edu,CMPSC131,2
mr5565@nittany.edu,EE311,2
ma6036@nittany.edu,DS120,1
mr9406@nittany.edu,CMPEN411,2
os4077@nittany.edu,CMPSC131,2
mi6642@nittany.edu,PHYS213,2
mj1523@nittany.edu,CMPEN351,2
pw7815@nittany.edu,CMPSC475,2
jo5683@nittany.edu,STAT319,1
kl1348@nittany.edu,CMPSC497,2
ns2358@nittany.edu,CMPSC465,1
vr4622@nittany.edu,MATH231,1
mk1572@nittany.edu,ECON102,1
ts5040@nittany.edu,IST558,2
mj1117@nittany.edu,ECON101,1
kp5214@nittany.edu,STAT415,2
me4221@nittany.edu,MATH231,2
lh8743@nittany.edu,EE211,2
ka6770@nittany.edu,EE352,2
wa5135@nittany.edu,CHEM112,2
la7071@nittany.edu,DS220,2
kl9753@nittany.edu,CHEM110,2
jh3336@nittany.edu,CMPEN362,1
sb1972@nittany.edu,IST110,2
kb3574@nittany.edu,MATH230,1
lv3076@nittany.edu,PHYS211,2
mt4811@nittany.edu,CMPEN431,2
zp7831@nittany.edu,STAT318,1
mr1020@nittany.edu,CMPSC465,2
ws6593@nittany.edu,CMPSC465,2
lw8769@nittany.edu,PHYS211,2
ms6765@nittany.edu,CHEM112,1
mj9606@nittany.edu,IST558,1
jc4011@nittany.edu,ECON101,1
mj5224@nittany.edu,STAT415,1
jz6925@nittany.edu,CMPEN411,2
vo6259@nittany.edu,CSE543,2
ks3998@nittany.edu,CMPEN362,1
mt3231@nittany.edu,IST558,2
ws8716@nittany.edu,MATH231,1
md7627@nittany.edu,DS220,1
th2610@nittany.edu,CSE583,2
mh8661@nittany.edu,ECON102,1
vk8864@nittany.edu,IST558,2
mh3437@nittany.edu,EE311,1
ww9231@nittany.edu,PHYS211,2
mk1676@nittany.edu,EE311,1
ub9586@nittany.edu,MATH141,2
lh6961@nittany.edu,STAT415,2
kf5693@nittany.edu,IST128,1
sb2082@nittany.edu,CHEM112,1
mn2870@nittany.edu,IST110,2
ug5112@nittany.edu,CMPEN454,1
tk1529@nittany.edu,EE211,1
ib2806@nittany.edu,EE320,1
os7226@nittany.edu,PHYS214,2
ne9599@nittany.edu,CHEM112,1
vg5084@nittany.edu,CMPEN331,2
mr5670@nittany.edu,CMPSC431W,1
km6416@nittany.edu,ECON101,2
sj7472@nittany.edu,EE211,1
wr1679@nittany.edu,EE320,2
mr8602@nittany.edu,CMPEN351,2
ma8046@nittany.edu,CMPEN454,2
mg1007@nittany.edu,EE320,1
lh3004@nittany.edu,STAT415,2
zr6066@nittany.edu,EE340,1
jg5906@nittany.edu,MATH141,1
ok5696@nittany.edu,MATH141,2
mw5391@nittany.edu,CMPSC132,1
sm5970@nittany.edu,CMPSC131,1
mn6897@nittany.edu,CMPEN431,1
rm8553@nittany.edu,CMPSC311,2
jl5459@nittany.edu,CMPEN362,2
ml1743@nittany.edu,PHYS213,1
ph1773@nittany.edu,STAT318,2
ma8953@nittany.edu,ECON201,1
pp2997@nittany.edu,CMPSC221,1
vk7408@nittany.edu,PHYS212,1
ro9937@nittany.edu,ECON102,1
tf2405@nittany.edu,CMPSC431W,1
pm3642@nittany.edu,CMPSC465,2
kr9949@nittany.edu,MATH231,2
mt2086@nittany.edu,CMPEN362,1
tw6502@nittany.edu,PHYS211,2
ol7450@nittany.edu,CMPEN270,2
jw6319@nittany.edu,CMPSC431W,1
ok8829@nittany.edu,EE210,2
ps1087@nittany.edu,EE210,1
mp7952@nittany.edu,CMPEN454,1
sm5549@nittany.edu,STAT415,2
td2477@nittany.edu,EE210,2
sm8842@nittany.edu,CMPSC360,2
jp5962@nittany.edu,ECON102,2
mg1791@nittany.edu,EE311,2
sg1979@nittany.edu,ECON102,2
lo3428@nittany.edu,IST128,2
ml7753@nittany.edu,CMPEN454,2
js3927@nittany.edu,CSE543,2
me9897@nittany.edu,CMPSC221,2
mb5390@nittany.edu,CMPSC431W,2
sg4417@nittany.edu,MATH141,1
lt7103@nittany.edu,CSE583,1
pt3035@nittany.edu,STAT414,2
wc1418@nittany.edu,PHYS211,1
mm2047@nittany.edu,CMPEN270,1
ma4242@nittany.edu,EE353,2
jn3590@nittany.edu,MATH141,1
mh4972@nittany.edu,CMPSC475,1
jh3004@nittany.edu,CHEM112,1
sp7638@nittany.edu,CMPSC465,2
vn4576@nittany.edu,CMPEN441,2
mj2446@nittany.edu,CHEM111,2
mh9005@nittany.edu,CSE543,2
mp5777@nittany.edu,EE210,1
mj1886@nittany.edu,MATH141,2
mp5980@nittany.edu,PHYS211,2
mr7087@nittany.edu,CHEM110,2
kk1267@nittany.edu,EE320,1
jm7206@nittany.edu,CMPSC497,1
mm8916@nittany.edu,EE212,1
jr1301@nittany.edu,CHEM111,1
rq8420@nittany.edu,CMPEN362,1
tf8025@nittany.edu,CMPSC221,1
ob6043@nittany.edu,IST558,1
jd3188@nittany.edu,PHYS214,2
nb5135@nittany.edu,CMPEN454,2
js4888@nittany.edu,STAT415,2
mt1283@nittany.edu,STAT415,2
tb4699@nittany.edu,EE353,1
jf5072@nittany.edu,EE340,2
mj8109@nittany.edu,EE352,1
sl8096@nittany.edu,CHEM110,2
wg1476@nittany.edu,IST128,2
lb1184@nittany.edu,STAT319,1
kw1043@nittany.edu,CMPEN411,2
ld4137@nittany.edu,CMPSC431W,2
nb2686@nittany.edu,CMPEN411,1
rk8121@nittany.edu,EE320,2
vp6083@nittany.edu,DS120,1
mb7672@nittany.edu,MATH140,2
rh9618@nittany.edu,EE352,1
lw7685@nittany.edu,MATH230,2
me6698@nittany.edu,STAT415,2
mp7693@nittany.edu,CMPSC465,1
us6442@nittany.edu,CMPSC475,2
ma9983@nittany.edu,MATH140,2
mk7105@nittany.edu,CMPSC132,1
ma3822@nittany.edu,MATH141,2
vy1999@nittany.edu,STAT319,2
lw8160@nittany.edu,EE311,2
nm4783@nittany.edu,IST558,1
nb4212@nittany.edu,STAT319,2
ms9882@nittany.edu,EE340,2
mk2377@nittany.edu,CMPSC448,1
rw1366@nittany.edu,ECON102,2
mr5319@nittany.edu,CMPEN441,1
kz9097@nittany.edu,IST110,2
ml7288@nittany.edu,IST128,1
jd5932@nittany.edu,CMPSC311,1
lk1182@nittany.edu,EE210,1
jk1331@nittany.edu,EE353,1
jw9436@nittany.edu,STAT415,2
zw5425@nittany.edu,CMPEN454,2
jk5021@nittany.edu,CMPSC465,1
mn1003@nittany.edu,EE311,2
ph8799@nittany.edu,EE311,1
jl8774@nittany.edu,CMPEN351,1
mj7408@nittany.edu,CMPEN351,2
ns6501@nittany.edu,CSE543,1
lr5589@nittany.edu,EE311,2
me5409@nittany.edu,CMPSC431W,1
mc9096@nittany.edu,CHEM110,2
jk4116@nittany.edu,CHEM110,1
kb9285@nittany.edu,STAT414,2
kq6968@nittany.edu,MATH231,1
mj6957@nittany.edu,CMPEN454,2
tp4444@nittany.edu,CMPSC221,1
me6706@nittany.edu,CMPEN270,1
kb8171@nittany.edu,IST110,2
sr6321@nittany.edu,EE210,1
jh1737@nittany.edu,STAT319,2
sp1616@nittany.edu,CSE583,2
pm4249@nittany.edu,MATH140,1
tl1139@nittany.edu,DS220,2
im1645@nittany.edu,CMPSC475,2
sd6073@nittany.edu,CMPEN351,2
po7371@nittany.edu,CMPSC448,1
wo4044@nittany.edu,CMPSC465,1
mc4662@nittany.edu,ECON201,1
mm9624@nittany.edu,CHEM110,2
nb6183@nittany.edu,CMPSC475,1
mm4674@nittany.edu,EE353,1
vh5298@nittany.edu,EE210,2
mi2648@nittany.edu,CMPSC465,2
js3229@nittany.edu,CMPEN331,2
mt2801@nittany.edu,EE210,1
oh9599@nittany.edu,EE330,2
jb9306@nittany.edu,CHEM112,2
jc1462@nittany.edu,CMPSC431W,2
ks1926@nittany.edu,CMPSC311,2
sb5646@nittany.edu,CMPEN362,2
mr3116@nittany.edu,CHEM111,2
sn9491@nittany.edu,EE311,2
mg7684@nittany.edu,CHEM111,1
or2228@nittany.edu,STAT414,1
md6611@nittany.edu,CMPEN331,1
jk4027@nittany.edu,DS120,1
kd4323@nittany.edu,CMPSC475,2
mo4621@nittany.edu,STAT319,1
mg4093@nittany.edu,CSE543,1
nm3617@nittany.edu,STAT414,2
sr9640@nittany.edu,EE330,1
mw6081@nittany.edu,CSE583,2
lt8326@nittany.edu,PHYS211,1
mb8575@nittany.edu,CMPSC497,2
sc6597@nittany.edu,CMPEN431,1
ma8535@nittany.edu,CMPEN331,1
mb5410@nittany.edu,MATH141,2
tb1810@nittany.edu,EE210,2
jg7835@nittany.edu,CMPEN454,1
yc8409@nittany.edu,DS220,1
nl1189@nittany.edu,CMPSC465,2
mg8396@nittany.edu,CMPSC475,2
ta4214@nittany.edu,EE340,2
jc9373@nittany.edu,PHYS211,1
mr3131@nittany.edu,EE210,1
mj9296@nittany.edu,EE212,2
lm8503@nittany.edu,CMPSC131,2
mt6337@nittany.edu,ECON201,2
mo2344@nittany.edu,ECON201,2
ml8317@nittany.edu,MATH141,1
mg7641@nittany.edu,CMPEN362,1
ll6444@nittany.edu,MATH141,1
md1308@nittany.edu,CMPEN362,1
jd5592@nittany.edu,CMPSC360,2
sk9053@nittany.edu,MATH141,1
mt1262@nittany.edu,CHEM110,2
mm6682@nittany.edu,CMPSC131,2
nw3340@nittany.edu,IST558,1
td2308@nittany.edu,CMPSC431W,2
jw3297@nittany.edu,CMPSC497,1
sp1402@nittany.edu,CMPSC221,1
ml5796@nittany.edu,MATH141,1
kc1302@nittany.edu,DS120,2
ld9084@nittany.edu,CHEM112,2
oc9232@nittany.edu,IST128,2
ma9716@nittany.edu,EE340,1
jh2181@nittany.edu,MATH231,1
md7018@nittany.edu,CMPEN454,1
rm1496@nittany.edu,CMPEN454,2
og7528@nittany.edu,CMPSC475,1
ma8013@nittany.edu,CMPEN351,2
kk5103@nittany.edu,CMPEN411,2
jj6204@nittany.edu,CHEM111,1
lh7203@nittany.edu,CMPEN431,1
lr4974@nittany.edu,EE330,2
rr1861@nittany.edu,EE340,2
xb9185@nittany.edu,CMPSC221,1
mb2685@nittany.edu,STAT319,1
ms6799@nittany.edu,PHYS214,2
lm1111@nittany.edu,EE353,2
ja2479@nittany.edu,EE212,2
zo2385@nittany.edu,EE320,2
lr8600@nittany.edu,EE212,1
kt2960@nittany.edu,ECON102,1
lh7173@nittany.edu,CMPSC448,1
mj8696@nittany.edu,CMPEN270,2
mo9119@nittany.edu,CHEM112,1
mr4981@nittany.edu,STAT319,1
rr3451@nittany.edu,CMPEN411,1
se2637@nittany.edu,EE211,2
jm7044@nittany.edu,MATH231,1
zg1956@nittany.edu,DS220,2
mt7486@nittany.edu,CHEM112,1
kh5965@nittany.edu,DS220,1
rt4621@nittany.edu,CMPSC132,1
jr8895@nittany.edu,CMPEN454,1
mc3632@nittany.edu,EE311,1
oc9673@nittany.edu,ECON201,2
pp1292@nittany.edu,CMPSC132,2
sr8161@nittany.edu,MATH141,1
mb3501@nittany.edu,PHYS214,2
mt2330@nittany.edu,EE211,2
ss2791@nittany.edu,EE210,2
lt1060@nittany.edu,ECON201,1
mm9332@nittany.edu,STAT318,2
mk2051@nittany.edu,CMPSC311,1
jk9270@nittany.edu,CSE583,1
lc9556@nittany.edu,CMPSC131,2
js1332@nittany.edu,MATH231,1
ss5447@nittany.edu,MATH140,2
ma2722@nittany.edu,PHYS213,2
sw9710@nittany.edu,CHEM111,1
sm6158@nittany.edu,DS120,2
ml5064@nittany.edu,EE340,1
kh1154@nittany.edu,ECON101,2
kt5956@nittany.edu,CMPSC497,2
kr9918@nittany.edu,CHEM112,1
ko8925@nittany.edu,PHYS213,2
mf6881@nittany.edu,CMPSC311,2
mk4451@nittany.edu,IST128,2
sm5255@nittany.edu,ECON102,2
rb2832@nittany.edu,CMPSC132,1
jr3224@nittany.edu,EE330,1
kt2050@nittany.edu,EE352,1
wd2661@nittany.edu,CHEM112,2
rf1975@nittany.edu,CMPSC311,1
mn9410@nittany.edu,CMPEN351,2
sr4229@nittany.edu,CMPEN270,2
tm5315@nittany.edu,ECON201,2
ls2077@nittany.edu,DS220,1
rr4724@nittany.edu,IST110,2
qj6035@nittany.edu,CMPSC461,1
jp6334@nittany.edu,ECON101,1
ms6805@nittany.edu,STAT318,2
sm4829@nittany.edu,CMPEN270,2
mp8264@nittany.edu,CMPSC311,2
md9837@nittany.edu,CMPEN411,1
mc9587@nittany.edu,STAT319,2
wa5127@nittany.edu,CMPEN351,2
mp8748@nittany.edu,CMPSC360,1
vl5929@nittany.edu,CMPSC497,1
md8760@nittany.edu,CMPEN362,1
rh1754@nittany.edu,EE211,1
mc2699@nittany.edu,CHEM112,2
jh9891@nittany.edu,EE212,1
iv6531@nittany.edu,CMPEN362,1
ir2135@nittany.edu,PHYS211,1
mr1874@nittany.edu,CHEM110,2
rr7213@nittany.edu,CMPSC448,2
rh6801@nittany.edu,EE353,2
mj1770@nittany.edu,DS120,2
mm6107@nittany.edu,ECON201,1
ma4550@nittany.edu,CMPEN331,2
jm2995@nittany.edu,EE340,2
mz7054@nittany.edu,CMPEN362,1
km3504@nittany.edu,CHEM110,1
om9683@nittany.edu,CMPSC221,2
jm6846@nittany.edu,MATH230,2
jk4828@nittany.edu,CMPEN431,1
rl4225@nittany.edu,CMPEN362,2
mg8599@nittany.edu,IST128,2
lb9630@nittany.edu,DS120,2
pp1200@nittany.edu,PHYS211,2
sw4720@nittany.edu,CSE583,1
lm1801@nittany.edu,DS220,2
mh9954@nittany.edu,EE211,1
kw1386@nittany.edu,CMPSC311,2
pa6499@nittany.edu,IST558,2
sw3767@nittany.edu,EE211,2
rl7115@nittany.edu,IST110,2
sb4094@nittany.edu,EE211,1
lm3612@nittany.edu,MATH141,1
mm7898@nittany.edu,STAT319,2
sd7475@nittany.edu,EE340,1
mz3667@nittany.edu,CHEM110,2
mo1767@nittany.edu,CSE583,1
ms1481@nittany.edu,ECON101,2
wr2752@nittany.edu,DS120,2
ou9392@nittany.edu,MATH141,1
ml9111@nittany.edu,DS220,2
lh5555@nittany.edu,ECON102,1
rs3074@nittany.edu,CMPEN411,1
mb2986@nittany.edu,STAT319,2
mh2194@nittany.edu,DS120,2
sg9224@nittany.edu,ECON201,2
sl9147@nittany.edu,CHEM111,2
tz1637@nittany.edu,EE352,2
bk5477@nittany.edu,ECON102,1
af2362@nittany.edu,EE211,2
at5855@nittany.edu,DS120,2
bb2708@nittany.edu,CMPEN441,1
ab1769@nittany.edu,DS220,1
as5959@nittany.edu,EE352,2
as3517@nittany.edu,EE353,1
am9248@nittany.edu,CHEM110,1
ab2069@nittany.edu,EE353,2
ab3353@nittany.edu,IST110,1
ag4144@nittany.edu,MATH231,1
ae4536@nittany.edu,CMPSC497,1
as6603@nittany.edu,CSE583,2
as6904@nittany.edu,DS220,1
ah4627@nittany.edu,IST128,2
ac6117@nittany.edu,CSE583,2
bs3099@nittany.edu,CMPSC431W,2
ar5750@nittany.edu,CMPEN454,1
bk4164@nittany.edu,ECON101,2
ah1893@nittany.edu,CMPEN351,2
as4372@nittany.edu,CMPEN362,1
ah8649@nittany.edu,MATH140,1
bl7521@nittany.edu,PHYS213,2
bp1701@nittany.edu,CMPEN270,2
ah2132@nittany.edu,CMPEN411,2
aw9070@nittany.edu,CMPEN351,1
ap7012@nittany.edu,CHEM111,1
aw1897@nittany.edu,CMPEN351,1
ab3016@nittany.edu,MATH141,1
as7706@nittany.edu,EE212,2
aw2413@nittany.edu,ECON102,2
ab4636@nittany.edu,CMPSC311,2
ay6012@nittany.edu,EE211,1
am1296@nittany.edu,PHYS213,1
co9856@nittany.edu,CMPSC431W,1
bg1874@nittany.edu,ECON201,1
cz9116@nittany.edu,CMPEN454,1
ch1256@nittany.edu,CMPEN454,2
am2658@nittany.edu,MATH140,2
cg4965@nittany.edu,CMPSC221,1
ch2187@nittany.edu,CMPSC131,1
cd3328@nittany.edu,EE352,2
bb2169@nittany.edu,PHYS214,1
aj2734@nittany.edu,CMPSC461,2
cs3661@nittany.edu,EE212,1
al7553@nittany.edu,CHEM110,2
dg3029@nittany.edu,CMPSC311,1
aw5441@nittany.edu,PHYS214,2
br5296@nittany.edu,EE212,2
cb8478@nittany.edu,MATH231,1
dh5107@nittany.edu,MATH140,1
bp7844@nittany.edu,CMPEN441,2
cg4094@nittany.edu,CMPEN351,1
co3033@nittany.edu,CMPSC132,2
dk6748@nittany.edu,IST558,1
ag2003@nittany.edu,ECON102,1
bh9149@nittany.edu,CMPEN411,2
as3353@nittany.edu,CMPSC132,1
bk6824@nittany.edu,CSE583,2
ds4127@nittany.edu,MATH230,2
ac5862@nittany.edu,IST110,1
ck2097@nittany.edu,STAT415,2
cf2840@nittany.edu,STAT415,1
br8852@nittany.edu,CMPSC497,1
cr7454@nittany.edu,CMPEN441,1
ch9754@nittany.edu,CHEM111,2
dh6358@nittany.edu,PHYS211,1
bj2880@nittany.edu,EE320,1
ch3297@nittany.edu,CHEM112,2
ak5096@nittany.edu,MATH140,1
ag1594@nittany.edu,CMPEN331,1
bb3021@nittany.edu,CMPSC475,2
aw8623@nittany.edu,MATH231,2
cr5283@nittany.edu,CMPSC132,2
cn5833@nittany.edu,CMPSC132,1
bm9506@nittany.edu,ECON102,2
cr7460@nittany.edu,ECON102,2
ab8172@nittany.edu,CMPSC465,1
cr8911@nittany.edu,DS220,2
as9069@nittany.edu,CMPSC132,1
bb4483@nittany.edu,DS120,1
cw7585@nittany.edu,EE320,1
am3245@nittany.edu,CMPSC475,2
cb2134@nittany.edu,ECON101,1
ah8299@nittany.edu,ECON101,1
bh1407@nittany.edu,CMPSC465,2
ck4064@nittany.edu,CMPEN431,2
cr7030@nittany.edu,CMPSC311,1
aa2256@nittany.edu,CMPEN331,2
cr7834@nittany.edu,CMPSC448,2
ct2924@nittany.edu,CMPEN441,1
bw8893@nittany.edu,IST110,2
cg7136@nittany.edu,DS120,2
cc2445@nittany.edu,MATH231,2
cc1235@nittany.edu,EE212,2
ca6499@nittany.edu,DS120,1
cq4861@nittany.edu,PHYS212,1
cn5368@nittany.edu,CHEM112,2
bl4092@nittany.edu,CMPSC311,1
ba4903@nittany.edu,STAT414,2
cw6141@nittany.edu,IST110,2
cm4400@nittany.edu,MATH140,1
ck6661@nittany.edu,IST110,1
co5263@nittany.edu,CMPEN362,1
cs4243@nittany.edu,CMPEN441,1
bc4962@nittany.edu,CMPEN431,1
af8503@nittany.edu,MATH230,2
am6323@nittany.edu,EE211,2
bp7877@nittany.edu,EE320,2
cw7068@nittany.edu,DS220,2
bl6052@nittany.edu,CMPSC221,2
cs2006@nittany.edu,CHEM111,1
ah6141@nittany.edu,DS120,1
cs3754@nittany.edu,PHYS213,1
bk6475@nittany.edu,CHEM111,1
ch6057@nittany.edu,CMPSC221,2
ar9287@nittany.edu,EE211,2
bm6234@nittany.edu,EE330,1
bs1006@nittany.edu,CMPSC360,2
ca5845@nittany.edu,STAT318,1
cb6121@nittany.edu,CMPEN331,2
dh5008@nittany.edu,CMPSC131,1
al8943@nittany.edu,CMPEN454,1
ak5890@nittany.edu,EE210,2
ca1975@nittany.edu,EE340,2
as2674@nittany.edu,PHYS214,2
ck4873@nittany.edu,DS220,2
dr8416@nittany.edu,CMPSC132,1
cs5417@nittany.edu,CMPSC461,1
bd6345@nittany.edu,CMPEN331,2
bl3745@nittany.edu,EE353,2
bo5114@nittany.edu,ECON201,2
ck8437@nittany.edu,IST110,1
ag5931@nittany.edu,STAT415,1
bf5148@nittany.edu,CSE543,1
db2409@nittany.edu,MATH140,1
as2481@nittany.edu,CMPSC448,1
cd4187@nittany.edu,EE353,1
aj3787@nittany.edu,CMPSC461,2
ae5810@nittany.edu,CMPEN270,1
cc6232@nittany.edu,CMPSC461,1
br8383@nittany.edu,MATH231,1
dc8417@nittany.edu,CMPSC448,1
ap8774@nittany.edu,CMPEN411,2
bb4001@nittany.edu,EE352,2
cp9426@nittany.edu,PHYS212,2
dh7522@nittany.edu,CMPEN351,1
ao3325@nittany.edu,CMPSC497,2
cs4540@nittany.edu,CMPEN411,1
cw3561@nittany.edu,ECON201,1
cm5322@nittany.edu,EE210,2
ab5104@nittany.edu,CSE543,2
cw1038@nittany.edu,IST128,2
aw8382@nittany.edu,ECON102,1
cb5065@nittany.edu,CMPEN270,1
bt1573@nittany.edu,CMPEN411,1
cs3610@nittany.edu,CHEM112,1
db6530@nittany.edu,CMPEN411,2
cs1816@nittany.edu,EE210,1
eh3966@nittany.edu,STAT415,1
gl5131@nittany.edu,EE330,2
eu6734@nittany.edu,ECON101,2
gj1336@nittany.edu,EE210,2
fe4839@nittany.edu,CMPEN351,1
ew9592@nittany.edu,EE211,2
ed8801@nittany.edu,EE353,2
gp4162@nittany.edu,CMPEN411,2
is6689@nittany.edu,EE352,1
ie2276@nittany.edu,CMPEN431,2
ek4881@nittany.edu,EE210,2
gj5319@nittany.edu,EE352,2
dg3660@nittany.edu,EE311,1
em6584@nittany.edu,EE330,2
db1016@nittany.edu,IST110,2
gl1897@nittany.edu,MATH140,1
da1878@nittany.edu,CMPSC221,2
ed7159@nittany.edu,DS220,2
gr5445@nittany.edu,CMPSC360,1
fk6517@nittany.edu,EE353,1
ea7463@nittany.edu,EE320,2
dl7664@nittany.edu,CMPEN270,1
dk5949@nittany.edu,CSE543,2
do9924@nittany.edu,CMPEN351,2
ew2287@nittany.edu,MATH231,1
dw8054@nittany.edu,EE340,2
fo7818@nittany.edu,MATH231,1
do2791@nittany.edu,CMPSC360,1
dl2872@nittany.edu,IST558,1
hc9512@nittany.edu,CMPEN362,1
fw9529@nittany.edu,PHYS214,1
fb6120@nittany.edu,CMPEN351,2
ej6416@nittany.edu,PHYS214,1
gs5261@nittany.edu,DS120,2
hs3812@nittany.edu,IST110,2
er9643@nittany.edu,CMPSC221,1
gb9073@nittany.edu,ECON102,2
eh3135@nittany.edu,EE340,1
ds7254@nittany.edu,STAT318,1
dw8693@nittany.edu,EE353,2
eb5700@nittany.edu,CMPSC311,1
gb8971@nittany.edu,MATH141,1
eb9702@nittany.edu,EE212,1
fm5811@nittany.edu,EE330,2
il8896@nittany.edu,CMPEN454,2
eb7897@nittany.edu,STAT319,2
gb9628@nittany.edu,CMPEN331,2
el2162@nittany.edu,CMPSC475,1
dz1220@nittany.edu,EE210,1
em9606@nittany.edu,CMPSC448,1
dd7048@nittany.edu,CMPSC465,2
hb4427@nittany.edu,CMPSC465,2
du5385@nittany.edu,EE330,1
do7088@nittany.edu,CMPSC431W,2
hh4615@nittany.edu,MATH231,2
gl1181@nittany.edu,PHYS212,2
ds7549@nittany.edu,PHYS214,2
ej6093@nittany.edu,CMPSC131,1
dt1755@nittany.edu,CMPSC221,1
gh1031@nittany.edu,MATH140,1
dg9379@nittany.edu,EE340,1
hq7130@nittany.edu,PHYS214,1
dl8726@nittany.edu,EE320,2
fk3783@nittany.edu,EE352,1
hs3254@nittany.edu,MATH230,1
eg9777@nittany.edu,ECON201,1
eh8403@nittany.edu,CMPEN270,2
dg1041@nittany.edu,EE311,1
ew3399@nittany.edu,EE320,1
dr5383@nittany.edu,MATH140,2
ib8603@nittany.edu,CMPSC461,2
ef2211@nittany.edu,STAT414,1
hs6780@nittany.edu,CMPEN431,2
dh7046@nittany.edu,STAT318,1
gl5818@nittany.edu,DS220,1
gr4392@nittany.edu,PHYS211,2
hm9327@nittany.edu,PHYS214,1
er5239@nittany.edu,CMPSC311,1
ek3642@nittany.edu,CMPEN441,1
gr4591@nittany.edu,CMPSC360,2
fw2120@nittany.edu,CMPEN454,1
fc5125@nittany.edu,CMPEN454,2
hh1524@nittany.edu,DS220,1
dg7321@nittany.edu,STAT415,1
dp4783@nittany.edu,ECON102,1
gd4593@nittany.edu,CMPSC132,1
dg7987@nittany.edu,ECON101,1
gr3326@nittany.edu,EE210,1
dk1425@nittany.edu,CMPSC131,1
fr1588@nittany.edu,EE330,1
hc6195@nittany.edu,CMPEN454,1
fa1972@nittany.edu,CMPSC475,1
ff4897@nittany.edu,CMPSC461,2
gj7421@nittany.edu,PHYS211,2
dk5850@nittany.edu,CMPEN411,2
gh2561@nittany.edu,CMPSC131,2
gs2617@nittany.edu,IST128,2
eb3303@nittany.edu,CMPSC465,2
dt1653@nittany.edu,CMPSC360,1
em9510@nittany.edu,PHYS212,1
hh1856@nittany.edu,STAT319,2
eh6509@nittany.edu,ECON201,2
hm8630@nittany.edu,CMPEN441,2
eq3640@nittany.edu,IST110,2
hw8828@nittany.edu,CMPSC431W,2
ew8925@nittany.edu,CMPSC465,1
ek5867@nittany.edu,CSE543,1
dm6277@nittany.edu,CMPEN270,1
er2458@nittany.edu,CMPEN362,2
ew2185@nittany.edu,CMPEN270,1
gp3361@nittany.edu,CSE583,1
dh7362@nittany.edu,CMPSC475,2
eo6418@nittany.edu,CMPSC132,1
da3247@nittany.edu,CMPSC465,1
gd1891@nittany.edu,CMPSC221,2
dm4287@nittany.edu,CMPSC465,2
dj4017@nittany.edu,STAT415,1
dg3528@nittany.edu,MATH140,2
iw4518@nittany.edu,CMPSC431W,2
ds8193@nittany.edu,STAT414,1
ds2879@nittany.edu,CMPEN351,1
hl4356@nittany.edu,MATH140,2
dw5475@nittany.edu,EE340,2
ft1093@nittany.edu,CMPSC465,1
fs3719@nittany.edu,CMPEN431,1
ds2224@nittany.edu,CMPSC461,2
es8944@nittany.edu,CMPSC475,1
gt3176@nittany.edu,CMPEN441,1
dc7489@nittany.edu,IST128,1
ek7386@nittany.edu,CHEM112,2
fg4672@nittany.edu,MATH140,2
da2022@nittany.edu,EE210,1
fs1546@nittany.edu,CMPSC475,2
ew7279@nittany.edu,EE211,2
hh9927@nittany.edu,PHYS214,2
gd6812@nittany.edu,EE330,2
gh4919@nittany.edu,PHYS212,1
hb6400@nittany.edu,CMPSC131,2
dl4708@nittany.edu,IST110,1
fw1745@nittany.edu,CMPSC461,2
gb6345@nittany.edu,CMPSC360,1
ed1041@nittany.edu,EE311,1
er8341@nittany.edu,EE211,1
ej3628@nittany.edu,ECON102,1
gs3266@nittany.edu,IST558,2
dm6239@nittany.edu,CMPEN362,2
fh7189@nittany.edu,CMPSC132,2
gr1809@nittany.edu,CMPSC475,2
hm5525@nittany.edu,CMPSC360,1
eg7228@nittany.edu,ECON101,2
em2859@nittany.edu,PHYS213,1
eg5689@nittany.edu,STAT319,1
dc8436@nittany.edu,PHYS213,2
eo5933@nittany.edu,CHEM110,1
ek2555@nittany.edu,CMPSC221,2
ib9263@nittany.edu,EE210,2
dl7100@nittany.edu,CHEM110,1
gh1212@nittany.edu,CSE583,2
dc3082@nittany.edu,CHEM111,2
em3990@nittany.edu,EE340,2
dk9439@nittany.edu,CMPSC221,2
gs6695@nittany.edu,MATH230,1
gp6880@nittany.edu,PHYS213,2
es9891@nittany.edu,ECON102,1
ds2211@nittany.edu,ECON201,2
er2244@nittany.edu,CMPSC132,2
do8320@nittany.edu,MATH141,2
er6539@nittany.edu,CSE583,2
ds2123@nittany.edu,EE212,1
dg8738@nittany.edu,CMPEN331,1
dr9676@nittany.edu,MATH141,1
er2818@nittany.edu,EE353,1
gc5107@nittany.edu,CSE583,2
da8807@nittany.edu,EE311,2
gk3247@nittany.edu,ECON101,1
hs1177@nittany.edu,CMPEN270,1
hb7496@nittany.edu,EE311,2
hd3109@nittany.edu,EE311,1
dm9701@nittany.edu,CHEM112,2
es2273@nittany.edu,ECON201,1
em7352@nittany.edu,CMPEN362,1
dr6246@nittany.edu,EE210,2
dw2632@nittany.edu,CHEM110,2
dh1318@nittany.edu,CMPSC311,2
ev8921@nittany.edu,CMPEN441,2
gw5806@nittany.edu,EE320,1
dr3255@nittany.edu,CMPSC431W,2
dh3792@nittany.edu,EE212,2
dc5453@nittany.edu,MATH231,2
fh5083@nittany.edu,CMPSC311,1
ew8429@nittany.edu,MATH141,1
eb2377@nittany.edu,EE212,1
fr6216@nittany.edu,CSE543,1
eb9389@nittany.edu,EE352,2
ee6932@nittany.edu,MATH230,2
er9391@nittany.edu,EE352,2
da4619@nittany.edu,EE212,2
dr7544@nittany.edu,CMPSC132,1
ej7700@nittany.edu,CMPSC311,1
df7770@nittany.edu,MATH230,1
ds5937@nittany.edu,CMPEN441,2
hk5972@nittany.edu,CMPEN351,1
dg6925@nittany.edu,CMPEN362,2
em9445@nittany.edu,CHEM112,1
gk9861@nittany.edu,PHYS213,2
gc5114@nittany.edu,CMPSC131,1
dj1479@nittany.edu,CMPEN431,2
hr2868@nittany.edu,PHYS211,2
fb4575@nittany.edu,PHYS213,1
de5828@nittany.edu,CMPEN331,2
fm5590@nittany.edu,CMPSC132,2
fr8166@nittany.edu,IST558,1
dl6390@nittany.edu,EE210,1
df8189@nittany.edu,IST558,2
al4613@nittany.edu,EE212,1
am4447@nittany.edu,IST110,1
ak9804@nittany.edu,MATH231,1
as1233@nittany.edu,CMPEN431,2
al5684@nittany.edu,CMPSC461,1
al6759@nittany.edu,PHYS213,1
ah2567@nittany.edu,STAT414,1
ab8825@nittany.edu,CMPEN270,1
ak1365@nittany.edu,STAT414,1
at2037@nittany.edu,IST558,1
as3627@nittany.edu,CMPSC360,1
ah3078@nittany.edu,EE353,2
ab8389@nittany.edu,CMPEN351,2
at1813@nittany.edu,CMPSC221,2
ao8250@nittany.edu,CSE583,2
al8826@nittany.edu,ECON102,2
ab4479@nittany.edu,EE212,2
al5806@nittany.edu,EE210,2
aj1457@nittany.edu,EE210,1
ar7586@nittany.edu,CHEM111,1
am6718@nittany.edu,MATH230,1
as4057@nittany.edu,MATH231,1
az6923@nittany.edu,MATH140,2
ab9912@nittany.edu,CHEM110,1
ap8429@nittany.edu,IST558,1
ag4728@nittany.edu,CMPSC448,1
am5109@nittany.edu,CMPEN454,1
ab3717@nittany.edu,EE353,2
ah5707@nittany.edu,STAT319,1
ad9791@nittany.edu,CHEM111,2
aw2983@nittany.edu,ECON201,2
lj2993@nittany.edu,CHEM112,1
rb1832@nittany.edu,DS120,2
ld8122@nittany.edu,CMPSC475,1
md5914@nittany.edu,CMPSC360,2
kf8268@nittany.edu,CMPEN331,1
pz6665@nittany.edu,CHEM111,1
mr6639@nittany.edu,CMPSC132,2
sc5452@nittany.edu,CMPSC448,1
tp8468@nittany.edu,PHYS214,1
ih9335@nittany.edu,CMPEN362,1
me9525@nittany.edu,STAT319,1
pr4075@nittany.edu,STAT415,2
nk8056@nittany.edu,EE210,1
jz5577@nittany.edu,CMPSC431W,1
jp2632@nittany.edu,EE353,2
lk7361@nittany.edu,EE353,1
ks1880@nittany.edu,STAT415,1
ms2404@nittany.edu,CMPEN411,1
ih5431@nittany.edu,CMPSC497,2
sm4115@nittany.edu,CMPEN411,2
js8078@nittany.edu,DS120,1
mb4117@nittany.edu,CMPSC475,2
rm8585@nittany.edu,EE311,1
mg1976@nittany.edu,ECON102,1
kc4364@nittany.edu,CMPSC311,1
rh2046@nittany.edu,ECON201,1
jh2885@nittany.edu,CMPSC131,1
ms9362@nittany.edu,EE210,2
jl6447@nittany.edu,EE340,1
mr2329@nittany.edu,MATH141,1
ma5503@nittany.edu,EE353,2
rb4971@nittany.edu,STAT415,2
jc5818@nittany.edu,CMPSC465,2
kg2618@nittany.edu,IST128,1
lg4120@nittany.edu,CMPSC465,2
sg2123@nittany.edu,CHEM112,1
tp3946@nittany.edu,DS120,2
sb5076@nittany.edu,PHYS212,2
mh2221@nittany.edu,PHYS211,2
vs8351@nittany.edu,MATH230,1
mm1324@nittany.edu,MATH141,2
tg2289@nittany.edu,CHEM110,2
mk4648@nittany.edu,EE340,2
sa8884@nittany.edu,EE352,2
kn1468@nittany.edu,CMPEN441,1
jk5833@nittany.edu,PHYS213,1
md1699@nittany.edu,CMPEN270,2
mc4814@nittany.edu,CMPEN331,1
ll2646@nittany.edu,IST110,2
mr3369@nittany.edu,CHEM112,2
tb7100@nittany.edu,CMPSC132,2
wm3293@nittany.edu,CMPSC448,2
jb9557@nittany.edu,CHEM111,1
ko8881@nittany.edu,CMPSC360,2
zj6533@nittany.edu,CMPSC465,2
mb4756@nittany.edu,EE340,2
mr3556@nittany.edu,MATH230,2
md3813@nittany.edu,CMPEN411,1
km6173@nittany.edu,CSE583,2
sg3060@nittany.edu,MATH231,2
ms7605@nittany.edu,CMPSC448,2
tm4946@nittany.edu,DS120,2
jg1721@nittany.edu,CMPEN351,1
yc2897@nittany.edu,EE352,2
ss9714@nittany.edu,STAT414,1
rb9779@nittany.edu,CMPEN431,1
zr6768@nittany.edu,CMPSC448,1
rc6428@nittany.edu,CMPSC465,1
jt5287@nittany.edu,CMPEN431,2
lo7605@nittany.edu,CMPEN331,1
tr4637@nittany.edu,EE211,1
lr3728@nittany.edu,CHEM110,1
xg4863@nittany.edu,CMPEN331,1
me5010@nittany.edu,STAT318,1
lr5472@nittany.edu,ECON101,1
sh4974@nittany.edu,MATH231,1
la9924@nittany.edu,DS120,2
ms2737@nittany.edu,CHEM110,2
tb8127@nittany.edu,CMPSC475,2
mm2976@nittany.edu,PHYS214,2
th3170@nittany.edu,MATH141,2
kk3742@nittany.edu,STAT318,1
nd2615@nittany.edu,IST110,1
sb6428@nittany.edu,EE330,2
rr9237@nittany.edu,CMPSC360,1
mm1660@nittany.edu,CMPSC221,1
mr1462@nittany.edu,STAT319,2
lg1828@nittany.edu,MATH230,2
jo7172@nittany.edu,CMPEN362,1
ma5045@nittany.edu,CMPSC465,2
mc4696@nittany.edu,CMPSC465,2
rs3973@nittany.edu,CMPEN351,2
my7428@nittany.edu,CMPSC497,1
mv4275@nittany.edu,ECON102,1
vw5806@nittany.edu,CMPSC360,1
nr4230@nittany.edu,DS120,1
ma3543@nittany.edu,IST110,1
mc9149@nittany.edu,CHEM110,2
lg2530@nittany.edu,STAT319,1
sh4671@nittany.edu,CHEM112,2
mt7030@nittany.edu,CMPEN454,2
lt3713@nittany.edu,ECON101,2
jw3861@nittany.edu,CHEM112,1
kr4923@nittany.edu,STAT318,2
nf6339@nittany.edu,CMPSC221,1
md6319@nittany.edu,CHEM112,2
mb1688@nittany.edu,CSE583,1
mk5190@nittany.edu,IST110,2
mk3204@nittany.edu,ECON101,1
oc3904@nittany.edu,CMPEN362,1
km6627@nittany.edu,CSE583,1
js6308@nittany.edu,CMPEN331,2
jw4897@nittany.edu,EE330,2
vl7715@nittany.edu,CMPSC448,1
ph3861@nittany.edu,CMPEN411,2
md2194@nittany.edu,CMPSC497,2
jh3919@nittany.edu,EE211,1
mw5114@nittany.edu,CMPEN431,1
ld6778@nittany.edu,CMPSC131,1
mc1411@nittany.edu,PHYS211,2
lg7099@nittany.edu,EE210,2
mm9659@nittany.edu,CMPSC360,2
rc5324@nittany.edu,DS120,2
mz7312@nittany.edu,ECON101,1
ml5786@nittany.edu,PHYS212,2
nh2508@nittany.edu,CMPSC448,2
ms2255@nittany.edu,CMPEN411,2
mp4954@nittany.edu,CMPSC448,1
lj7790@nittany.edu,EE211,2
sr7729@nittany.edu,CMPSC497,2
mt8800@nittany.edu,CMPSC360,1
ld6540@nittany.edu,MATH231,2
sv5358@nittany.edu,EE330,1
kf8921@nittany.edu,IST128,2
rh4718@nittany.edu,PHYS213,1
vt8578@nittany.edu,CMPEN362,1
lu6872@nittany.edu,CMPSC497,2
lb6520@nittany.edu,EE210,2
kb6941@nittany.edu,MATH141,1
rv5469@nittany.edu,IST110,2
ml7975@nittany.edu,CHEM110,2
mj4880@nittany.edu,EE311,1
jf9661@nittany.edu,MATH141,2
lt8366@nittany.edu,IST110,2
js7099@nittany.edu,CMPEN362,1
rf2661@nittany.edu,PHYS211,1
js8165@nittany.edu,STAT318,1
kk3115@nittany.edu,CMPEN331,1
mr4635@nittany.edu,CMPEN411,2
ve8889@nittany.edu,CSE543,2
ml3983@nittany.edu,CMPSC461,1
ld8065@nittany.edu,IST128,2
jk4403@nittany.edu,CMPSC497,1
in2805@nittany.edu,EE320,2
pb8346@nittany.edu,EE320,1
rf1782@nittany.edu,MATH231,1
mn6721@nittany.edu,MATH230,1
sm6043@nittany.edu,EE311,2
lj2224@nittany.edu,CMPEN431,2
wr3515@nittany.edu,MATH230,2
wl5243@nittany.edu,ECON102,2
jr8665@nittany.edu,CHEM112,2
ns1210@nittany.edu,CMPEN351,2
ms6173@nittany.edu,CMPSC311,2
na8379@nittany.edu,CMPEN431,2
ls6337@nittany.edu,CMPEN331,2
sm9645@nittany.edu,IST110,2
rr8243@nittany.edu,EE320,1
lw4369@nittany.edu,ECON201,1
il3541@nittany.edu,EE352,2
mg8505@nittany.edu,EE340,1
mo1186@nittany.edu,EE311,1
pw1726@nittany.edu,CMPEN454,1
lm6031@nittany.edu,ECON201,1
mj6359@nittany.edu,PHYS211,2
pc8832@nittany.edu,CMPEN270,2
mf8214@nittany.edu,CHEM111,2
jb5052@nittany.edu,CMPSC360,1
ma8938@nittany.edu,ECON201,2
lf4727@nittany.edu,CMPEN331,1
jh1874@nittany.edu,CSE583,1
rb6281@nittany.edu,EE212,2
mr5864@nittany.edu,ECON102,2
ml6213@nittany.edu,ECON102,2
mk7773@nittany.edu,CHEM112,2
nc8172@nittany.edu,EE320,2
mj5914@nittany.edu,CMPEN441,1
me2148@nittany.edu,EE311,2
mk8847@nittany.edu,MATH141,2
my3786@nittany.edu,CMPSC465,1
jm3669@nittany.edu,ECON102,2
uf7067@nittany.edu,MATH230,1
mr2575@nittany.edu,EE311,1
mb3709@nittany.edu,CMPEN331,2
jk4409@nittany.edu,CMPEN441,1
ys9174@nittany.edu,EE212,1
rf1538@nittany.edu,PHYS214,2
no6118@nittany.edu,EE311,2
lc4994@nittany.edu,EE210,2
oh8195@nittany.edu,MATH231,2
jc2471@nittany.edu,CMPSC132,2
mm3162@nittany.edu,ECON102,1
jh7997@nittany.edu,PHYS214,1
ik6824@nittany.edu,PHYS213,2
tk5748@nittany.edu,STAT319,2
ts1830@nittany.edu,CMPSC497,1
kr6619@nittany.edu,IST110,1
rk2653@nittany.edu,STAT318,1
sg4622@nittany.edu,CMPSC221,1
jl3236@nittany.edu,CMPSC360,2
kh1826@nittany.edu,EE210,1
me2596@nittany.edu,CMPSC497,1
jl9851@nittany.edu,CMPEN270,1
sw7724@nittany.edu,PHYS212,1
kh5883@nittany.edu,PHYS212,1
mn2842@nittany.edu,EE353,1
mt7911@nittany.edu,ECON102,2
pf6936@nittany.edu,CMPSC465,2
mc8336@nittany.edu,CMPSC497,2
mv1311@nittany.edu,EE353,2
kk2666@nittany.edu,MATH231,2
ok7520@nittany.edu,STAT319,2
mt3151@nittany.edu,STAT318,1
lb8326@nittany.edu,CSE583,1
lh1031@nittany.edu,CMPSC131,1
mn1239@nittany.edu,CHEM111,1
ka1472@nittany.edu,MATH231,1
tt1799@nittany.edu,CMPSC360,2
mr5565@nittany.edu,STAT414,2
ma6036@nittany.edu,EE210,1
mr9406@nittany.edu,EE212,1
os4077@nittany.edu,EE330,2
mi6642@nittany.edu,IST558,1
mj1523@nittany.edu,CHEM110,1
pw7815@nittany.edu,CMPSC132,1
jo5683@nittany.edu,IST128,2
kl1348@nittany.edu,STAT319,1
ns2358@nittany.edu,PHYS211,2
vr4622@nittany.edu,IST558,2
mk1572@nittany.edu,STAT318,1
ts5040@nittany.edu,ECON101,2
mj1117@nittany.edu,MATH141,2
kp5214@nittany.edu,EE330,2
me4221@nittany.edu,CMPSC448,2
lh8743@nittany.edu,CMPSC475,1
ka6770@nittany.edu,DS120,2
wa5135@nittany.edu,EE211,2
la7071@nittany.edu,STAT318,1
kl9753@nittany.edu,STAT318,1
jh3336@nittany.edu,EE211,1
sb1972@nittany.edu,EE211,2
kb3574@nittany.edu,CMPSC448,1
lv3076@nittany.edu,CMPEN411,2
mt4811@nittany.edu,PHYS214,2
zp7831@nittany.edu,CMPSC360,1
mr1020@nittany.edu,EE211,2
ws6593@nittany.edu,STAT318,2
lw8769@nittany.edu,EE311,2
ms6765@nittany.edu,STAT414,2
mj9606@nittany.edu,CHEM112,2
jc4011@nittany.edu,CMPEN331,1
mj5224@nittany.edu,CMPSC221,1
jz6925@nittany.edu,STAT414,2
vo6259@nittany.edu,CMPSC497,2
ks3998@nittany.edu,ECON102,2
mt3231@nittany.edu,CMPSC475,2
ws8716@nittany.edu,EE311,1
md7627@nittany.edu,CMPEN454,1
th2610@nittany.edu,CHEM111,2
mh8661@nittany.edu,CMPEN454,2
vk8864@nittany.edu,EE340,1
mh3437@nittany.edu,EE212,2
ww9231@nittany.edu,CHEM112,1
mk1676@nittany.edu,STAT318,1
ub9586@nittany.edu,PHYS212,2
lh6961@nittany.edu,EE212,1
kf5693@nittany.edu,CSE543,1
sb2082@nittany.edu,EE352,1
mn2870@nittany.edu,CMPSC448,1
ug5112@nittany.edu,STAT415,1
tk1529@nittany.edu,EE311,2
ib2806@nittany.edu,STAT318,1
os7226@nittany.edu,CMPSC465,2
ne9599@nittany.edu,CSE543,2
vg5084@nittany.edu,EE212,2
mr5670@nittany.edu,PHYS211,2
km6416@nittany.edu,PHYS211,1
sj7472@nittany.edu,DS220,1
wr1679@nittany.edu,MATH140,2
mr8602@nittany.edu,EE212,1
ma8046@nittany.edu,CMPSC475,2
mg1007@nittany.edu,EE210,2
lh3004@nittany.edu,CMPSC431W,2
zr6066@nittany.edu,EE352,2
jg5906@nittany.edu,CMPEN431,2
ok5696@nittany.edu,CHEM112,2
mw5391@nittany.edu,STAT319,1
sm5970@nittany.edu,ECON201,1
mn6897@nittany.edu,EE340,2
rm8553@nittany.edu,IST128,2
jl5459@nittany.edu,EE352,2
ml1743@nittany.edu,CSE583,2
ph1773@nittany.edu,EE311,2
ma8953@nittany.edu,EE210,1
pp2997@nittany.edu,IST558,2
vk7408@nittany.edu,CHEM112,1
ro9937@nittany.edu,CMPSC475,2
tf2405@nittany.edu,IST110,2
pm3642@nittany.edu,CMPSC431W,2
kr9949@nittany.edu,CMPEN441,1
mt2086@nittany.edu,PHYS213,1
tw6502@nittany.edu,PHYS214,1
ol7450@nittany.edu,CMPEN454,1
jw6319@nittany.edu,CMPSC475,2
ok8829@nittany.edu,CSE543,1
ps1087@nittany.edu,STAT414,1
mp7952@nittany.edu,EE320,1
sm5549@nittany.edu,EE211,1
td2477@nittany.edu,IST558,2
sm8842@nittany.edu,PHYS212,1
jp5962@nittany.edu,DS220,2
mg1791@nittany.edu,CMPSC311,1
sg1979@nittany.edu,EE340,1
lo3428@nittany.edu,PHYS211,2
ml7753@nittany.edu,CMPEN431,2
js3927@nittany.edu,IST128,1
me9897@nittany.edu,CMPSC465,1
mb5390@nittany.edu,CMPEN270,1
sg4417@nittany.edu,EE353,2
lt7103@nittany.edu,CMPSC221,2
pt3035@nittany.edu,CMPEN454,1
wc1418@nittany.edu,ECON102,1
mm2047@nittany.edu,CMPEN351,2
ma4242@nittany.edu,PHYS214,2
jn3590@nittany.edu,CMPSC475,1
mh4972@nittany.edu,CMPEN270,1
jh3004@nittany.edu,CMPSC311,1
sp7638@nittany.edu,CMPSC311,1
vn4576@nittany.edu,CMPEN454,2
mj2446@nittany.edu,ECON201,1
mh9005@nittany.edu,IST558,2
mp5777@nittany.edu,STAT415,2
mj1886@nittany.edu,CMPEN331,2
mp5980@nittany.edu,EE212,1
mr7087@nittany.edu,ECON102,1
kk1267@nittany.edu,EE353,1
jm7206@nittany.edu,STAT414,1
mm8916@nittany.edu,CMPEN351,1
jr1301@nittany.edu,PHYS211,2
rq8420@nittany.edu,MATH141,2
tf8025@nittany.edu,CHEM110,1
ob6043@nittany.edu,EE311,2
jd3188@nittany.edu,CMPSC431W,1
nb5135@nittany.edu,EE330,1
js4888@nittany.edu,EE353,2
mt1283@nittany.edu,CMPSC431W,2
tb4699@nittany.edu,CHEM111,2
jf5072@nittany.edu,EE311,1
mj8109@nittany.edu,MATH231,2
sl8096@nittany.edu,ECON102,1
wg1476@nittany.edu,DS220,1
lb1184@nittany.edu,IST558,2
kw1043@nittany.edu,CSE543,1
ld4137@nittany.edu,CMPEN362,1
nb2686@nittany.edu,STAT415,1
rk8121@nittany.edu,CMPSC132,2
vp6083@nittany.edu,STAT415,2
mb7672@nittany.edu,IST128,2
rh9618@nittany.edu,EE340,1
lw7685@nittany.edu,CMPEN431,2
me6698@nittany.edu,EE210,2
mp7693@nittany.edu,CMPEN331,2
us6442@nittany.edu,CMPSC360,2
ma9983@nittany.edu,ECON101,1
mk7105@nittany.edu,EE311,2
ma3822@nittany.edu,CMPSC497,1
vy1999@nittany.edu,PHYS213,1
lw8160@nittany.edu,CSE543,2
nm4783@nittany.edu,CMPSC475,2
nb4212@nittany.edu,CHEM110,2
ms9882@nittany.edu,CMPEN331,2
mk2377@nittany.edu,CMPSC461,2
rw1366@nittany.edu,ECON101,1
mr5319@nittany.edu,PHYS214,2
kz9097@nittany.edu,CMPSC131,2
ml7288@nittany.edu,CMPSC131,1
jd5932@nittany.edu,CHEM111,1
lk1182@nittany.edu,EE340,1
jk1331@nittany.edu,MATH230,1
jw9436@nittany.edu,MATH140,2
zw5425@nittany.edu,STAT415,2
jk5021@nittany.edu,CMPSC360,1
mn1003@nittany.edu,CMPEN411,2
ph8799@nittany.edu,PHYS211,1
jl8774@nittany.edu,CSE583,2
mj7408@nittany.edu,CMPEN454,2
ns6501@nittany.edu,IST558,2
lr5589@nittany.edu,EE330,2
me5409@nittany.edu,EE212,1
mc9096@nittany.edu,EE210,1
jk4116@nittany.edu,CMPSC131,1
kb9285@nittany.edu,DS120,2
kq6968@nittany.edu,STAT415,2
mj6957@nittany.edu,STAT414,2
tp4444@nittany.edu,STAT415,2
me6706@nittany.edu,STAT415,2
kb8171@nittany.edu,CMPSC132,2
sr6321@nittany.edu,DS220,2
jh1737@nittany.edu,MATH231,1
sp1616@nittany.edu,CMPSC448,2
pm4249@nittany.edu,CMPEN441,2
tl1139@nittany.edu,STAT319,1
im1645@nittany.edu,CMPSC497,1
sd6073@nittany.edu,EE320,2
po7371@nittany.edu,STAT415,1
wo4044@nittany.edu,EE311,2
mc4662@nittany.edu,MATH141,1
mm9624@nittany.edu,CMPEN454,2
nb6183@nittany.edu,CMPEN331,2
mm4674@nittany.edu,MATH141,2
vh5298@nittany.edu,STAT319,1
mi2648@nittany.edu,DS120,2
js3229@nittany.edu,MATH140,2
mt2801@nittany.edu,STAT319,1
oh9599@nittany.edu,EE352,2
jb9306@nittany.edu,CMPSC311,1
jc1462@nittany.edu,STAT318,1
ks1926@nittany.edu,CMPSC131,1
sb5646@nittany.edu,EE330,1
mr3116@nittany.edu,CMPEN454,2
sn9491@nittany.edu,CMPEN351,1
mg7684@nittany.edu,CMPSC497,2
or2228@nittany.edu,CMPEN411,2
md6611@nittany.edu,MATH140,1
jk4027@nittany.edu,DS220,2
kd4323@nittany.edu,CMPSC132,1
mo4621@nittany.edu,CHEM111,1
mg4093@nittany.edu,PHYS211,1
nm3617@nittany.edu,PHYS212,1
sr9640@nittany.edu,CMPEN431,2
mw6081@nittany.edu,STAT319,1
lt8326@nittany.edu,ECON102,2
mb8575@nittany.edu,STAT318,2
sc6597@nittany.edu,CMPSC311,1
ma8535@nittany.edu,ECON101,2
mb5410@nittany.edu,CMPEN441,1
tb1810@nittany.edu,CMPSC465,1
jg7835@nittany.edu,MATH141,2
yc8409@nittany.edu,MATH230,2
nl1189@nittany.edu,IST558,2
mg8396@nittany.edu,DS220,1
ta4214@nittany.edu,PHYS212,2
jc9373@nittany.edu,CMPEN270,2
mr3131@nittany.edu,ECON101,2
mj9296@nittany.edu,CMPSC475,1
lm8503@nittany.edu,CMPEN411,2
mt6337@nittany.edu,CHEM112,2
mo2344@nittany.edu,CMPSC131,2
ml8317@nittany.edu,IST128,1
mg7641@nittany.edu,CMPEN351,1
ll6444@nittany.edu,MATH140,1
md1308@nittany.edu,CMPSC461,1
jd5592@nittany.edu,CMPSC448,1
sk9053@nittany.edu,CMPSC448,1
mt1262@nittany.edu,STAT319,1
mm6682@nittany.edu,CMPEN441,1
nw3340@nittany.edu,CHEM111,1
td2308@nittany.edu,EE352,1
jw3297@nittany.edu,PHYS213,1
sp1402@nittany.edu,PHYS214,2
ml5796@nittany.edu,EE330,2
kc1302@nittany.edu,CMPEN441,2
ld9084@nittany.edu,CMPSC132,1
oc9232@nittany.edu,EE311,2
ma9716@nittany.edu,CMPSC431W,1
jh2181@nittany.edu,IST558,1
md7018@nittany.edu,STAT415,2
rm1496@nittany.edu,CMPSC465,2
og7528@nittany.edu,EE210,1
ma8013@nittany.edu,IST110,2
kk5103@nittany.edu,STAT319,2
jj6204@nittany.edu,EE340,1
lh7203@nittany.edu,PHYS214,2
lr4974@nittany.edu,ECON201,2
rr1861@nittany.edu,STAT319,1
xb9185@nittany.edu,PHYS212,1
mb2685@nittany.edu,CMPSC497,2
ms6799@nittany.edu,CMPSC431W,2
lm1111@nittany.edu,CHEM111,1
ja2479@nittany.edu,IST110,1
zo2385@nittany.edu,CMPSC221,2
lr8600@nittany.edu,IST110,1
kt2960@nittany.edu,EE353,1
lh7173@nittany.edu,STAT318,1
mj8696@nittany.edu,ECON201,1
mo9119@nittany.edu,CSE583,2
mr4981@nittany.edu,CMPSC221,2
rr3451@nittany.edu,IST558,2
se2637@nittany.edu,DS120,2
jm7044@nittany.edu,PHYS211,2
zg1956@nittany.edu,CHEM110,1
mt7486@nittany.edu,MATH231,1
kh5965@nittany.edu,CMPSC475,2
rt4621@nittany.edu,EE311,2
jr8895@nittany.edu,CMPEN411,2
mc3632@nittany.edu,CHEM112,1
oc9673@nittany.edu,CMPSC497,2
pp1292@nittany.edu,STAT318,1
sr8161@nittany.edu,EE352,1
mb3501@nittany.edu,EE340,2
mt2330@nittany.edu,EE352,2
ss2791@nittany.edu,CMPEN351,1
lt1060@nittany.edu,CMPSC431W,1
mm9332@nittany.edu,CMPSC497,1
mk2051@nittany.edu,EE330,1
jk9270@nittany.edu,MATH141,1
lc9556@nittany.edu,CMPSC497,2
js1332@nittany.edu,STAT318,2
ss5447@nittany.edu,ECON101,1
ma2722@nittany.edu,PHYS211,2
sw9710@nittany.edu,CMPSC132,1
sm6158@nittany.edu,EE311,2
ml5064@nittany.edu,STAT318,1
kh1154@nittany.edu,MATH230,2
kt5956@nittany.edu,CMPSC475,1
kr9918@nittany.edu,IST558,2
ko8925@nittany.edu,CMPSC360,2
mf6881@nittany.edu,CMPSC431W,1
mk4451@nittany.edu,CHEM110,2
sm5255@nittany.edu,MATH231,2
rb2832@nittany.edu,CMPEN362,1
jr3224@nittany.edu,ECON101,1
kt2050@nittany.edu,CMPEN270,1
wd2661@nittany.edu,CHEM110,2
rf1975@nittany.edu,EE311,1
mn9410@nittany.edu,CMPSC475,2
sr4229@nittany.edu,EE211,2
tm5315@nittany.edu,STAT414,1
ls2077@nittany.edu,PHYS214,2
rr4724@nittany.edu,CMPSC311,2
qj6035@nittany.edu,PHYS214,1
jp6334@nittany.edu,EE311,2
ms6805@nittany.edu,CHEM112,1
sm4829@nittany.edu,STAT318,1
mp8264@nittany.edu,CMPEN270,2
md9837@nittany.edu,MATH140,2
mc9587@nittany.edu,DS120,1
wa5127@nittany.edu,CMPEN270,1
mp8748@nittany.edu,CMPEN431,2
vl5929@nittany.edu,CMPSC448,2
md8760@nittany.edu,CMPSC497,2
rh1754@nittany.edu,CHEM111,1
mc2699@nittany.edu,CMPEN362,2
jh9891@nittany.edu,CSE583,1
iv6531@nittany.edu,CSE583,2
ir2135@nittany.edu,EE311,1
mr1874@nittany.edu,CMPEN441,2
rr7213@nittany.edu,MATH140,1
rh6801@nittany.edu,CSE583,1
mj1770@nittany.edu,CHEM111,1
mm6107@nittany.edu,STAT319,1
ma4550@nittany.edu,CMPSC132,2
jm2995@nittany.edu,CHEM111,2
mz7054@nittany.edu,CMPSC448,2
km3504@nittany.edu,CMPSC431W,1
om9683@nittany.edu,ECON102,2
jm6846@nittany.edu,CMPSC132,2
jk4828@nittany.edu,CMPEN362,2
rl4225@nittany.edu,CMPEN351,1
mg8599@nittany.edu,CHEM111,1
lb9630@nittany.edu,CSE543,1
pp1200@nittany.edu,CMPSC475,1
sw4720@nittany.edu,STAT415,2
lm1801@nittany.edu,CSE543,1
mh9954@nittany.edu,CMPSC475,1
kw1386@nittany.edu,CMPEN454,1
pa6499@nittany.edu,CHEM110,1
sw3767@nittany.edu,CMPEN331,2
rl7115@nittany.edu,CMPSC132,2
sb4094@nittany.edu,CSE543,1
lm3612@nittany.edu,EE330,2
mm7898@nittany.edu,CMPSC461,2
sd7475@nittany.edu,STAT319,1
mz3667@nittany.edu,CSE543,2
mo1767@nittany.edu,MATH230,1
ms1481@nittany.edu,STAT414,1
wr2752@nittany.edu,EE320,2
ou9392@nittany.edu,CMPSC221,1
ml9111@nittany.edu,EE211,2
lh5555@nittany.edu,CMPSC448,1
rs3074@nittany.edu,STAT319,2
mb2986@nittany.edu,EE353,2
mh2194@nittany.edu,CMPEN351,1
sg9224@nittany.edu,EE210,2
sl9147@nittany.edu,CMPSC465,2
tz1637@nittany.edu,CMPSC131,2
bk5477@nittany.edu,CMPEN454,2
af2362@nittany.edu,CMPSC360,2
at5855@nittany.edu,STAT414,2
bb2708@nittany.edu,CMPSC461,1
ab1769@nittany.edu,CMPSC461,1
as5959@nittany.edu,CMPEN431,2
as3517@nittany.edu,CMPSC475,2
am9248@nittany.edu,EE330,1
ab2069@nittany.edu,DS120,1
ab3353@nittany.edu,DS120,1
ag4144@nittany.edu,DS220,2
ae4536@nittany.edu,STAT319,1
as6603@nittany.edu,PHYS212,1
as6904@nittany.edu,CMPEN362,1
ah4627@nittany.edu,IST110,1
ac6117@nittany.edu,CMPEN441,2
bs3099@nittany.edu,CSE583,2
ar5750@nittany.edu,CMPSC131,2
bk4164@nittany.edu,CMPEN270,1
ah1893@nittany.edu,PHYS213,1
as4372@nittany.edu,EE330,1
ah8649@nittany.edu,CMPEN411,2
bl7521@nittany.edu,STAT318,1
bp1701@nittany.edu,CMPSC461,2
ah2132@nittany.edu,STAT414,1
aw9070@nittany.edu,MATH140,1
ap7012@nittany.edu,DS220,1
aw1897@nittany.edu,EE311,1
ab3016@nittany.edu,CMPEN411,2
as7706@nittany.edu,CMPEN351,1
aw2413@nittany.edu,CMPSC360,1
ab4636@nittany.edu,STAT414,1
ay6012@nittany.edu,ECON101,2
am1296@nittany.edu,CMPSC461,2
co9856@nittany.edu,CMPSC131,2
bg1874@nittany.edu,IST558,2
cz9116@nittany.edu,CMPSC311,1
ch1256@nittany.edu,CMPSC461,1
am2658@nittany.edu,CMPEN454,2
cg4965@nittany.edu,CMPEN331,1
ch2187@nittany.edu,CMPSC132,2
cd3328@nittany.edu,CSE583,1
bb2169@nittany.edu,CMPSC465,2
aj2734@nittany.edu,CMPEN270,1
cs3661@nittany.edu,EE311,2
al7553@nittany.edu,CMPSC461,2
dg3029@nittany.edu,MATH140,2
aw5441@nittany.edu,ECON201,2
br5296@nittany.edu,STAT415,2
cb8478@nittany.edu,CMPEN454,1
dh5107@nittany.edu,CHEM112,1
bp7844@nittany.edu,CMPSC132,1
cg4094@nittany.edu,EE340,1
co3033@nittany.edu,MATH230,2
dk6748@nittany.edu,IST128,2
ag2003@nittany.edu,CMPEN431,2
bh9149@nittany.edu,CMPSC131,1
as3353@nittany.edu,CMPSC448,1
bk6824@nittany.edu,PHYS214,2
ds4127@nittany.edu,CSE543,1
ac5862@nittany.edu,CMPEN441,1
ck2097@nittany.edu,CSE583,1
cf2840@nittany.edu,CHEM111,1
br8852@nittany.edu,DS220,2
cr7454@nittany.edu,CHEM110,1
ch9754@nittany.edu,MATH141,1
dh6358@nittany.edu,CMPEN441,1
bj2880@nittany.edu,STAT319,1
ch3297@nittany.edu,DS220,2
ak5096@nittany.edu,CMPSC465,2
ag1594@nittany.edu,MATH231,1
bb3021@nittany.edu,CSE543,2
aw8623@nittany.edu,PHYS214,1
cr5283@nittany.edu,CMPSC131,2
cn5833@nittany.edu,STAT415,1
bm9506@nittany.edu,PHYS214,2
cr7460@nittany.edu,EE352,2
ab8172@nittany.edu,CMPEN362,2
cr8911@nittany.edu,CMPSC311,2
as9069@nittany.edu,MATH140,2
bb4483@nittany.edu,PHYS212,1
cw7585@nittany.edu,IST128,2
am3245@nittany.edu,CMPSC448,2
cb2134@nittany.edu,PHYS212,2
ah8299@nittany.edu,DS220,1
bh1407@nittany.edu,EE311,1
ck4064@nittany.edu,EE212,2
cr7030@nittany.edu,PHYS212,2
aa2256@nittany.edu,CMPSC497,1
cr7834@nittany.edu,CMPEN351,1
ct2924@nittany.edu,CSE543,2
bw8893@nittany.edu,ECON102,2
cg7136@nittany.edu,CMPEN362,2
cc2445@nittany.edu,CHEM112,1
cc1235@nittany.edu,CMPEN454,1
ca6499@nittany.edu,CMPSC311,1
cq4861@nittany.edu,STAT319,1
cn5368@nittany.edu,CMPSC475,2
bl4092@nittany.edu,IST558,2
ba4903@nittany.edu,CMPSC311,2
cw6141@nittany.edu,CMPSC311,2
cm4400@nittany.edu,EE330,2
ck6661@nittany.edu,CMPSC448,2
co5263@nittany.edu,EE340,1
cs4243@nittany.edu,EE352,2
bc4962@nittany.edu,STAT415,2
af8503@nittany.edu,STAT415,2
am6323@nittany.edu,EE340,1
bp7877@nittany.edu,EE311,1
cw7068@nittany.edu,CMPEN331,1
bl6052@nittany.edu,CMPSC475,2
cs2006@nittany.edu,CMPEN362,2
ah6141@nittany.edu,STAT415,2
cs3754@nittany.edu,MATH230,2
bk6475@nittany.edu,EE340,1
ch6057@nittany.edu,CMPSC132,2
ar9287@nittany.edu,MATH231,2
bm6234@nittany.edu,CMPSC221,2
bs1006@nittany.edu,CMPEN270,2
ca5845@nittany.edu,EE311,2
cb6121@nittany.edu,STAT318,2
dh5008@nittany.edu,CMPEN351,2
al8943@nittany.edu,CMPEN362,2
ak5890@nittany.edu,MATH230,1
ca1975@nittany.edu,STAT414,2
as2674@nittany.edu,CMPEN351,2
ck4873@nittany.edu,PHYS211,1
dr8416@nittany.edu,IST110,2
cs5417@nittany.edu,CMPEN441,1
bd6345@nittany.edu,CHEM112,2
bl3745@nittany.edu,EE330,2
bo5114@nittany.edu,MATH141,2
ck8437@nittany.edu,ECON101,1
ag5931@nittany.edu,CMPEN431,1
bf5148@nittany.edu,PHYS213,1
db2409@nittany.edu,CMPSC431W,2
as2481@nittany.edu,CMPSC497,1
cd4187@nittany.edu,PHYS211,1
aj3787@nittany.edu,DS220,1
ae5810@nittany.edu,STAT415,1
cc6232@nittany.edu,MATH141,2
br8383@nittany.edu,CMPEN431,1
dc8417@nittany.edu,EE353,1
ap8774@nittany.edu,EE320,2
bb4001@nittany.edu,MATH141,2
cp9426@nittany.edu,STAT319,2
dh7522@nittany.edu,EE330,1
ao3325@nittany.edu,ECON201,1
cs4540@nittany.edu,EE311,1
cw3561@nittany.edu,ECON102,2
cm5322@nittany.edu,PHYS214,2
ab5104@nittany.edu,MATH141,1
cw1038@nittany.edu,PHYS213,1
aw8382@nittany.edu,STAT318,2
cb5065@nittany.edu,CMPEN411,2
bt1573@nittany.edu,EE212,1
cs3610@nittany.edu,CMPSC465,1
db6530@nittany.edu,ECON102,1
cs1816@nittany.edu,CMPEN351,1
eh3966@nittany.edu,PHYS213,2
gl5131@nittany.edu,STAT318,2
eu6734@nittany.edu,ECON102,2
gj1336@nittany.edu,CMPEN454,1
fe4839@nittany.edu,CSE543,1
ew9592@nittany.edu,EE340,2
ed8801@nittany.edu,EE330,2
gp4162@nittany.edu,CMPSC448,1
is6689@nittany.edu,STAT415,1
ie2276@nittany.edu,CMPSC461,1
ek4881@nittany.edu,CHEM112,2
gj5319@nittany.edu,ECON101,2
dg3660@nittany.edu,DS120,1
em6584@nittany.edu,CHEM112,2
db1016@nittany.edu,CMPSC360,1
gl1897@nittany.edu,CMPSC221,2
da1878@nittany.edu,PHYS213,2
ed7159@nittany.edu,ECON101,1
gr5445@nittany.edu,CMPEN441,1
fk6517@nittany.edu,STAT414,1
ea7463@nittany.edu,ECON101,2
dl7664@nittany.edu,CMPSC448,1
dk5949@nittany.edu,CMPSC131,2
do9924@nittany.edu,CMPEN331,1
ew2287@nittany.edu,CMPEN351,2
dw8054@nittany.edu,CMPEN331,2
fo7818@nittany.edu,CHEM111,1
do2791@nittany.edu,CSE583,2
dl2872@nittany.edu,MATH230,2
hc9512@nittany.edu,DS120,2
fw9529@nittany.edu,ECON101,2
fb6120@nittany.edu,CMPSC131,2
ej6416@nittany.edu,CMPEN351,2
gs5261@nittany.edu,ECON101,1
hs3812@nittany.edu,EE320,2
er9643@nittany.edu,PHYS211,1
gb9073@nittany.edu,MATH230,1
eh3135@nittany.edu,MATH141,2
ds7254@nittany.edu,ECON102,2
dw8693@nittany.edu,EE340,1
eb5700@nittany.edu,CMPSC360,1
gb8971@nittany.edu,IST558,2
eb9702@nittany.edu,EE311,2
fm5811@nittany.edu,CMPSC497,1
il8896@nittany.edu,EE212,1
eb7897@nittany.edu,CSE543,2
gb9628@nittany.edu,CMPSC465,1
el2162@nittany.edu,PHYS214,1
dz1220@nittany.edu,STAT319,2
em9606@nittany.edu,CSE583,2
dd7048@nittany.edu,EE211,2
hb4427@nittany.edu,CSE583,2
du5385@nittany.edu,CMPSC448,1
do7088@nittany.edu,CMPEN362,1
hh4615@nittany.edu,CSE583,1
gl1181@nittany.edu,MATH141,1
ds7549@nittany.edu,CHEM112,1
ej6093@nittany.edu,MATH141,1
dt1755@nittany.edu,CSE543,1
gh1031@nittany.edu,CMPSC311,2
dg9379@nittany.edu,EE210,2
hq7130@nittany.edu,CMPEN431,1
dl8726@nittany.edu,IST128,2
fk3783@nittany.edu,CMPEN270,2
hs3254@nittany.edu,CMPSC461,2
eg9777@nittany.edu,CSE543,2
eh8403@nittany.edu,IST558,1
dg1041@nittany.edu,EE210,1
ew3399@nittany.edu,EE210,2
dr5383@nittany.edu,EE211,2
ib8603@nittany.edu,DS120,2
ef2211@nittany.edu,EE320,2
hs6780@nittany.edu,CMPSC448,1
dh7046@nittany.edu,CMPSC465,1
gl5818@nittany.edu,MATH140,1
gr4392@nittany.edu,CMPEN441,1
hm9327@nittany.edu,EE330,1
er5239@nittany.edu,CMPEN362,2
ek3642@nittany.edu,EE210,2
gr4591@nittany.edu,EE311,2
fw2120@nittany.edu,CMPSC360,2
fc5125@nittany.edu,ECON101,1
hh1524@nittany.edu,CMPEN270,1
dg7321@nittany.edu,CMPEN431,1
dp4783@nittany.edu,CMPEN351,2
gd4593@nittany.edu,CMPSC221,1
dg7987@nittany.edu,CSE583,1
gr3326@nittany.edu,MATH231,1
dk1425@nittany.edu,CMPEN331,1
fr1588@nittany.edu,CMPEN454,1
hc6195@nittany.edu,CMPSC497,2
fa1972@nittany.edu,STAT415,2
ff4897@nittany.edu,PHYS211,1
gj7421@nittany.edu,CMPEN331,2
dk5850@nittany.edu,MATH231,1
gh2561@nittany.edu,CMPSC221,2
gs2617@nittany.edu,IST558,1
eb3303@nittany.edu,EE211,2
dt1653@nittany.edu,EE353,2
em9510@nittany.edu,EE212,1
hh1856@nittany.edu,CSE583,2
eh6509@nittany.edu,ECON102,2
hm8630@nittany.edu,CMPSC448,2
eq3640@nittany.edu,CMPEN331,1
hw8828@nittany.edu,DS220,1
ew8925@nittany.edu,STAT318,1
ek5867@nittany.edu,MATH141,2
dm6277@nittany.edu,EE330,2
er2458@nittany.edu,ECON101,2
ew2185@nittany.edu,ECON102,2
gp3361@nittany.edu,CSE543,2
dh7362@nittany.edu,CMPSC431W,1
eo6418@nittany.edu,EE211,2
da3247@nittany.edu,MATH140,1
gd1891@nittany.edu,CMPSC475,2
dm4287@nittany.edu,PHYS212,1
dj4017@nittany.edu,CHEM111,2
dg3528@nittany.edu,EE340,2
iw4518@nittany.edu,EE211,1
ds8193@nittany.edu,ECON101,2
ds2879@nittany.edu,ECON102,2
hl4356@nittany.edu,CHEM110,2
dw5475@nittany.edu,CMPSC497,1
ft1093@nittany.edu,MATH141,1
fs3719@nittany.edu,CMPEN270,1
ds2224@nittany.edu,EE211,1
es8944@nittany.edu,STAT318,1
gt3176@nittany.edu,IST128,2
dc7489@nittany.edu,CMPSC497,1
ek7386@nittany.edu,CMPSC465,2
fg4672@nittany.edu,CHEM110,2
da2022@nittany.edu,CMPSC448,1
fs1546@nittany.edu,PHYS213,2
ew7279@nittany.edu,MATH230,2
hh9927@nittany.edu,EE210,2
gd6812@nittany.edu,EE352,2
gh4919@nittany.edu,EE210,2
hb6400@nittany.edu,ECON101,1
dl4708@nittany.edu,CMPSC131,2
fw1745@nittany.edu,CHEM111,1
gb6345@nittany.edu,EE330,2
ed1041@nittany.edu,CMPSC497,1
er8341@nittany.edu,CMPSC497,2
ej3628@nittany.edu,EE352,1
gs3266@nittany.edu,IST110,1
dm6239@nittany.edu,EE352,1
fh7189@nittany.edu,CMPEN441,1
gr1809@nittany.edu,EE353,2
hm5525@nittany.edu,EE212,1
eg7228@nittany.edu,CMPSC497,1
em2859@nittany.edu,CMPSC360,2
eg5689@nittany.edu,PHYS212,1
dc8436@nittany.edu,PHYS211,1
eo5933@nittany.edu,CMPEN411,2
ek2555@nittany.edu,PHYS211,1
ib9263@nittany.edu,CSE543,2
dl7100@nittany.edu,CMPEN454,1
gh1212@nittany.edu,CMPSC221,2
dc3082@nittany.edu,CMPEN454,2
em3990@nittany.edu,CMPSC131,2
dk9439@nittany.edu,CMPEN441,1
gs6695@nittany.edu,EE352,1
gp6880@nittany.edu,CMPSC448,1
es9891@nittany.edu,MATH231,1
ds2211@nittany.edu,STAT319,2
er2244@nittany.edu,IST110,1
do8320@nittany.edu,EE353,2
er6539@nittany.edu,IST128,2
ds2123@nittany.edu,CMPSC448,1
dg8738@nittany.edu,EE352,1
dr9676@nittany.edu,CMPEN331,2
er2818@nittany.edu,CMPEN362,2
gc5107@nittany.edu,CMPSC465,2
da8807@nittany.edu,EE210,1
gk3247@nittany.edu,CMPSC221,1
hs1177@nittany.edu,CHEM110,1
hb7496@nittany.edu,EE211,2
hd3109@nittany.edu,EE330,1
dm9701@nittany.edu,CMPEN362,2
es2273@nittany.edu,STAT414,2
em7352@nittany.edu,STAT318,1
dr6246@nittany.edu,PHYS212,1
dw2632@nittany.edu,ECON101,2
dh1318@nittany.edu,MATH141,2
ev8921@nittany.edu,MATH230,2
gw5806@nittany.edu,PHYS214,2
dr3255@nittany.edu,EE352,1
dh3792@nittany.edu,CHEM110,1
dc5453@nittany.edu,CMPEN431,1
fh5083@nittany.edu,CMPEN411,1
ew8429@nittany.edu,EE320,2
eb2377@nittany.edu,CMPEN431,1
fr6216@nittany.edu,DS120,1
eb9389@nittany.edu,CMPSC448,2
ee6932@nittany.edu,CMPEN351,1
er9391@nittany.edu,PHYS211,1
da4619@nittany.edu,PHYS211,2
dr7544@nittany.edu,CMPSC465,1
ej7700@nittany.edu,CMPSC461,2
df7770@nittany.edu,CMPEN351,2
ds5937@nittany.edu,DS220,2
hk5972@nittany.edu,PHYS211,2
dg6925@nittany.edu,CMPEN351,2
em9445@nittany.edu,EE320,1
gk9861@nittany.edu,CHEM110,2
gc5114@nittany.edu,EE311,2
dj1479@nittany.edu,CMPSC497,2
hr2868@nittany.edu,EE330,1
fb4575@nittany.edu,CSE543,1
de5828@nittany.edu,CHEM111,2
fm5590@nittany.edu,STAT415,2
fr8166@nittany.edu,ECON102,2
dl6390@nittany.edu,CMPEN411,1
df8189@nittany.edu,CMPSC360,2
al4613@nittany.edu,CMPEN454,2
am4447@nittany.edu,CMPEN331,1
ak9804@nittany.edu,CHEM111,1
as1233@nittany.edu,EE330,1
al5684@nittany.edu,CMPSC475,2
al6759@nittany.edu,ECON101,1
ah2567@nittany.edu,MATH230,2
ab8825@nittany.edu,STAT319,2
ak1365@nittany.edu,STAT415,1
at2037@nittany.edu,CSE583,2
as3627@nittany.edu,IST110,2
ah3078@nittany.edu,CMPSC448,1
ab8389@nittany.edu,PHYS214,1
at1813@nittany.edu,PHYS211,1
ao8250@nittany.edu,DS220,2
al8826@nittany.edu,CMPSC132,1
ab4479@nittany.edu,EE211,1
al5806@nittany.edu,EE352,1
aj1457@nittany.edu,EE212,1
ar7586@nittany.edu,DS120,1
am6718@nittany.edu,CHEM111,1
as4057@nittany.edu,EE210,1
az6923@nittany.edu,STAT318,2
ab9912@nittany.edu,CMPSC475,2
ap8429@nittany.edu,CMPEN441,1
ag4728@nittany.edu,MATH231,1
am5109@nittany.edu,IST558,2
ab3717@nittany.edu,CMPEN362,1
ah5707@nittany.edu,DS120,2
ad9791@nittany.edu,CSE543,1
aw2983@nittany.edu,EE353,2
lj2993@nittany.edu,STAT318,2
rb1832@nittany.edu,ECON101,2
ld8122@nittany.edu,MATH231,2
md5914@nittany.edu,EE330,2
kf8268@nittany.edu,PHYS211,1
pz6665@nittany.edu,EE212,2
mr6639@nittany.edu,CMPEN431,1
sc5452@nittany.edu,CMPSC221,2
tp8468@nittany.edu,MATH230,2
ih9335@nittany.edu,PHYS213,1
me9525@nittany.edu,CMPEN454,1
pr4075@nittany.edu,IST110,2
nk8056@nittany.edu,IST558,2
jz5577@nittany.edu,ECON201,1
jp2632@nittany.edu,CHEM110,2
lk7361@nittany.edu,MATH141,1
ks1880@nittany.edu,CMPSC448,1
ms2404@nittany.edu,CMPSC311,2
ih5431@nittany.edu,CMPSC475,1
sm4115@nittany.edu,CSE583,1
js8078@nittany.edu,CMPEN431,1
mb4117@nittany.edu,EE340,2
rm8585@nittany.edu,MATH141,1
mg1976@nittany.edu,IST110,2
kc4364@nittany.edu,EE330,1
rh2046@nittany.edu,CMPSC465,1
jh2885@nittany.edu,EE330,2
ms9362@nittany.edu,EE353,2
jl6447@nittany.edu,DS120,1
mr2329@nittany.edu,ECON201,1
ma5503@nittany.edu,CMPEN411,2
rb4971@nittany.edu,ECON102,1
jc5818@nittany.edu,CMPEN454,2
kg2618@nittany.edu,ECON101,1
lg4120@nittany.edu,MATH230,2
sg2123@nittany.edu,PHYS211,1
tp3946@nittany.edu,EE340,2
sb5076@nittany.edu,EE210,2
mh2221@nittany.edu,CMPEN331,2
vs8351@nittany.edu,CHEM111,2
mm1324@nittany.edu,PHYS213,2
tg2289@nittany.edu,CMPSC497,2
mk4648@nittany.edu,EE353,2
sa8884@nittany.edu,CMPSC461,1
kn1468@nittany.edu,EE353,1
jk5833@nittany.edu,ECON102,1
md1699@nittany.edu,STAT415,2
mc4814@nittany.edu,CMPEN351,1
ll2646@nittany.edu,ECON101,1
mr3369@nittany.edu,DS220,1
tb7100@nittany.edu,IST558,1
wm3293@nittany.edu,CMPSC131,2
jb9557@nittany.edu,MATH231,1
ko8881@nittany.edu,CMPEN431,2
zj6533@nittany.edu,CSE543,1
mb4756@nittany.edu,DS120,2
mr3556@nittany.edu,CMPEN431,2
md3813@nittany.edu,IST128,2
km6173@nittany.edu,CMPEN431,2
sg3060@nittany.edu,IST558,1
ms7605@nittany.edu,CMPEN351,2
tm4946@nittany.edu,CMPSC221,1
jg1721@nittany.edu,STAT319,1
yc2897@nittany.edu,CMPEN441,2
ss9714@nittany.edu,ECON101,2
rb9779@nittany.edu,EE210,1
zr6768@nittany.edu,MATH141,1
rc6428@nittany.edu,EE353,1
jt5287@nittany.edu,CSE543,2
lo7605@nittany.edu,CMPSC221,1
tr4637@nittany.edu,STAT318,2
lr3728@nittany.edu,MATH230,2
xg4863@nittany.edu,ECON101,1
me5010@nittany.edu,MATH231,2
lr5472@nittany.edu,EE320,1
sh4974@nittany.edu,ECON102,2
la9924@nittany.edu,CMPEN454,1
ms2737@nittany.edu,CMPSC475,2
tb8127@nittany.edu,PHYS211,2
mm2976@nittany.edu,CMPSC311,2
th3170@nittany.edu,CMPEN331,2
kk3742@nittany.edu,EE211,1
nd2615@nittany.edu,CHEM112,1
sb6428@nittany.edu,MATH230,1
rr9237@nittany.edu,CMPSC311,1
mm1660@nittany.edu,CMPSC360,1
mr1462@nittany.edu,CMPEN431,2
lg1828@nittany.edu,MATH231,2
jo7172@nittany.edu,EE320,2
ma5045@nittany.edu,CHEM111,1
mc4696@nittany.edu,STAT319,1
rs3973@nittany.edu,CMPSC465,2
my7428@nittany.edu,PHYS213,1
mv4275@nittany.edu,PHYS213,2
vw5806@nittany.edu,STAT414,1
nr4230@nittany.edu,CMPSC360,2
ma3543@nittany.edu,EE352,1
mc9149@nittany.edu,ECON201,1
lg2530@nittany.edu,CMPEN441,2
sh4671@nittany.edu,MATH230,2
mt7030@nittany.edu,CMPEN431,2
lt3713@nittany.edu,MATH141,1
jw3861@nittany.edu,CMPEN431,1
kr4923@nittany.edu,EE352,1
nf6339@nittany.edu,EE210,1
md6319@nittany.edu,ECON101,1
mb1688@nittany.edu,CMPEN431,2
mk5190@nittany.edu,EE352,1
mk3204@nittany.edu,CMPSC461,1
oc3904@nittany.edu,CMPSC448,1
km6627@nittany.edu,CHEM112,1
js6308@nittany.edu,CMPSC131,2
jw4897@nittany.edu,STAT318,1
vl7715@nittany.edu,EE211,1
ph3861@nittany.edu,CMPSC431W,2
md2194@nittany.edu,CSE543,2
jh3919@nittany.edu,EE340,2
mw5114@nittany.edu,CMPEN441,1
ld6778@nittany.edu,ECON102,2
mc1411@nittany.edu,CMPEN454,1
lg7099@nittany.edu,CHEM111,2
mm9659@nittany.edu,EE353,1
rc5324@nittany.edu,CMPSC311,1
mz7312@nittany.edu,CHEM110,1
ml5786@nittany.edu,PHYS213,1
nh2508@nittany.edu,CHEM111,2
ms2255@nittany.edu,STAT319,1
mp4954@nittany.edu,EE330,1
lj7790@nittany.edu,CSE543,2
sr7729@nittany.edu,CHEM112,1
mt8800@nittany.edu,CMPEN431,2
ld6540@nittany.edu,CSE543,1
sv5358@nittany.edu,CMPSC475,2
kf8921@nittany.edu,STAT319,2
rh4718@nittany.edu,CSE543,2
vt8578@nittany.edu,ECON201,2
lu6872@nittany.edu,DS120,2
lb6520@nittany.edu,MATH141,2
kb6941@nittany.edu,PHYS214,2
rv5469@nittany.edu,CMPEN431,1
ml7975@nittany.edu,IST558,1
mj4880@nittany.edu,CMPEN331,2
jf9661@nittany.edu,EE210,2
lt8366@nittany.edu,MATH230,1
js7099@nittany.edu,CMPEN331,1
rf2661@nittany.edu,STAT414,2
js8165@nittany.edu,EE330,2
kk3115@nittany.edu,EE211,1
mr4635@nittany.edu,EE320,2
ve8889@nittany.edu,CSE583,1
ml3983@nittany.edu,CMPSC311,1
ld8065@nittany.edu,CMPSC131,2
jk4403@nittany.edu,EE352,1
in2805@nittany.edu,STAT415,1
pb8346@nittany.edu,MATH230,2
rf1782@nittany.edu,EE320,2
mn6721@nittany.edu,CMPSC311,2
sm6043@nittany.edu,DS220,2
lj2224@nittany.edu,MATH141,2
wr3515@nittany.edu,STAT414,2
wl5243@nittany.edu,MATH140,1
jr8665@nittany.edu,CMPEN454,2
ns1210@nittany.edu,EE330,2
ms6173@nittany.edu,PHYS212,1
na8379@nittany.edu,CMPSC131,1
ls6337@nittany.edu,EE212,1
sm9645@nittany.edu,EE212,1
rr8243@nittany.edu,CMPSC132,1
lw4369@nittany.edu,EE210,1
il3541@nittany.edu,CMPEN270,2
mg8505@nittany.edu,EE212,1
mo1186@nittany.edu,CMPSC311,1
pw1726@nittany.edu,EE330,1
lm6031@nittany.edu,ECON102,1
mj6359@nittany.edu,CMPSC448,1
pc8832@nittany.edu,CMPEN431,2
mf8214@nittany.edu,EE330,1
jb5052@nittany.edu,CMPSC497,1
ma8938@nittany.edu,MATH230,2
lf4727@nittany.edu,CHEM111,1
jh1874@nittany.edu,CMPSC448,1
rb6281@nittany.edu,CMPEN270,2
mr5864@nittany.edu,CHEM110,1
ml6213@nittany.edu,MATH230,2
mk7773@nittany.edu,EE211,2
nc8172@nittany.edu,PHYS211,2
mj5914@nittany.edu,MATH230,1
me2148@nittany.edu,CMPEN454,1
mk8847@nittany.edu,EE340,1
my3786@nittany.edu,STAT319,1
jm3669@nittany.edu,CHEM111,2
uf7067@nittany.edu,ECON101,1
mr2575@nittany.edu,MATH231,2
mb3709@nittany.edu,EE340,2
jk4409@nittany.edu,CHEM111,2
ys9174@nittany.edu,IST558,1
rf1538@nittany.edu,CMPSC221,1
no6118@nittany.edu,PHYS214,1
lc4994@nittany.edu,CSE543,1
oh8195@nittany.edu,CSE543,1
jc2471@nittany.edu,EE352,2
mm3162@nittany.edu,EE210,2
jh7997@nittany.edu,DS120,2
ik6824@nittany.edu,CMPEN351,2
tk5748@nittany.edu,CMPSC132,1
ts1830@nittany.edu,EE210,1
kr6619@nittany.edu,STAT319,1
rk2653@nittany.edu,STAT319,2
sg4622@nittany.edu,EE320,2
jl3236@nittany.edu,PHYS213,2
kh1826@nittany.edu,MATH140,1
me2596@nittany.edu,EE311,2
jl9851@nittany.edu,EE211,1
sw7724@nittany.edu,CSE583,1
kh5883@nittany.edu,CMPSC132,2
mn2842@nittany.edu,PHYS212,2
mt7911@nittany.edu,CMPSC132,2
pf6936@nittany.edu,CMPEN331,1
mc8336@nittany.edu,CMPEN362,2
mv1311@nittany.edu,MATH231,2
kk2666@nittany.edu,CSE583,2
ok7520@nittany.edu,ECON201,1
mt3151@nittany.edu,CHEM110,1
lb8326@nittany.edu,EE352,2
lh1031@nittany.edu,CSE583,1
mn1239@nittany.edu,PHYS212,2
ka1472@nittany.edu,EE211,2
tt1799@nittany.edu,CMPSC461,1
mr5565@nittany.edu,EE353,1
ma6036@nittany.edu,CMPEN441,2
mr9406@nittany.edu,PHYS211,1
os4077@nittany.edu,MATH141,2
mi6642@nittany.edu,CSE543,2
mj1523@nittany.edu,CMPEN270,1
pw7815@nittany.edu,CMPEN411,1
jo5683@nittany.edu,CMPSC360,1
kl1348@nittany.edu,CMPSC461,1
ns2358@nittany.edu,STAT415,2
vr4622@nittany.edu,IST128,1
mk1572@nittany.edu,CMPEN441,2
ts5040@nittany.edu,MATH141,1
mj1117@nittany.edu,EE340,2
kp5214@nittany.edu,MATH141,1
me4221@nittany.edu,EE311,2
lh8743@nittany.edu,EE353,1
ka6770@nittany.edu,CHEM111,2
wa5135@nittany.edu,CMPEN431,2
la7071@nittany.edu,PHYS212,2
kl9753@nittany.edu,EE211,1
jh3336@nittany.edu,MATH141,2
sb1972@nittany.edu,CMPEN351,2
kb3574@nittany.edu,CSE583,2
lv3076@nittany.edu,STAT415,2
mt4811@nittany.edu,EE210,1
zp7831@nittany.edu,IST128,1
mr1020@nittany.edu,CMPEN351,2
ws6593@nittany.edu,CMPSC448,2
lw8769@nittany.edu,CMPEN270,1
ms6765@nittany.edu,EE212,2
mj9606@nittany.edu,EE352,1
jc4011@nittany.edu,CMPSC132,1
mj5224@nittany.edu,CMPEN454,2
jz6925@nittany.edu,CMPSC461,2
vo6259@nittany.edu,CMPEN351,2
ks3998@nittany.edu,PHYS211,2
mt3231@nittany.edu,CMPSC132,2
ws8716@nittany.edu,EE353,2
md7627@nittany.edu,CMPSC465,1
th2610@nittany.edu,PHYS212,1
mh8661@nittany.edu,ECON201,2
vk8864@nittany.edu,CMPSC131,1
mh3437@nittany.edu,CMPSC461,1
ww9231@nittany.edu,CMPSC431W,2
mk1676@nittany.edu,CMPEN411,2
ub9586@nittany.edu,EE210,1
lh6961@nittany.edu,PHYS214,1
kf5693@nittany.edu,ECON102,2
sb2082@nittany.edu,CMPSC431W,2
mn2870@nittany.edu,CMPSC311,1
ug5112@nittany.edu,CHEM110,2
tk1529@nittany.edu,CHEM110,1
ib2806@nittany.edu,ECON101,2
os7226@nittany.edu,CHEM112,2
ne9599@nittany.edu,ECON101,2
vg5084@nittany.edu,MATH140,1
mr5670@nittany.edu,EE211,2
km6416@nittany.edu,CMPSC311,1
sj7472@nittany.edu,EE340,1
wr1679@nittany.edu,CMPSC461,2
mr8602@nittany.edu,MATH231,2
ma8046@nittany.edu,CMPSC461,2
mg1007@nittany.edu,DS120,1
lh3004@nittany.edu,IST128,1
zr6066@nittany.edu,IST110,1
jg5906@nittany.edu,CMPEN270,1
ok5696@nittany.edu,EE340,1
mw5391@nittany.edu,CMPEN362,2
sm5970@nittany.edu,CHEM112,1
mn6897@nittany.edu,IST110,1
rm8553@nittany.edu,CMPSC431W,1
jl5459@nittany.edu,CMPEN270,1
ml1743@nittany.edu,CHEM112,1
ph1773@nittany.edu,DS220,2
ma8953@nittany.edu,CMPEN431,1
pp2997@nittany.edu,MATH140,1
vk7408@nittany.edu,PHYS211,1
ro9937@nittany.edu,PHYS213,2
tf2405@nittany.edu,IST128,1
pm3642@nittany.edu,CMPSC221,1
kr9949@nittany.edu,EE352,1
mt2086@nittany.edu,CMPSC360,1
tw6502@nittany.edu,PHYS212,2
ol7450@nittany.edu,CMPEN411,1
jw6319@nittany.edu,CMPSC360,2
ok8829@nittany.edu,ECON102,1
ps1087@nittany.edu,CHEM110,2
mp7952@nittany.edu,EE353,2
sm5549@nittany.edu,EE311,1
td2477@nittany.edu,IST128,1
sm8842@nittany.edu,EE211,2
jp5962@nittany.edu,DS120,1
mg1791@nittany.edu,CMPEN441,2
sg1979@nittany.edu,EE353,2
lo3428@nittany.edu,MATH231,2
ml7753@nittany.edu,CMPSC448,2
js3927@nittany.edu,DS220,2
me9897@nittany.edu,EE352,1
mb5390@nittany.edu,CMPSC131,1
sg4417@nittany.edu,EE320,2
lt7103@nittany.edu,CMPSC448,2
pt3035@nittany.edu,EE211,2
wc1418@nittany.edu,EE340,1
mm2047@nittany.edu,CMPSC461,1
ma4242@nittany.edu,MATH231,2
jn3590@nittany.edu,EE352,2
mh4972@nittany.edu,IST558,2
jh3004@nittany.edu,PHYS211,1
sp7638@nittany.edu,STAT414,1
vn4576@nittany.edu,STAT318,2
mj2446@nittany.edu,EE211,1
mh9005@nittany.edu,CMPSC360,1
mp5777@nittany.edu,CMPSC465,1
mj1886@nittany.edu,STAT319,2
mp5980@nittany.edu,CMPSC475,2
mr7087@nittany.edu,CHEM111,2
kk1267@nittany.edu,PHYS212,1
jm7206@nittany.edu,CMPEN270,2
mm8916@nittany.edu,PHYS211,2
jr1301@nittany.edu,EE311,1
rq8420@nittany.edu,PHYS212,2
tf8025@nittany.edu,STAT415,1
ob6043@nittany.edu,STAT319,1
jd3188@nittany.edu,PHYS212,1
nb5135@nittany.edu,IST110,1
js4888@nittany.edu,EE210,1
mt1283@nittany.edu,CMPSC131,1
tb4699@nittany.edu,CSE543,1
jf5072@nittany.edu,STAT318,1
mj8109@nittany.edu,CSE583,1
sl8096@nittany.edu,CMPEN362,2
wg1476@nittany.edu,CMPSC221,2
lb1184@nittany.edu,CMPEN362,1
kw1043@nittany.edu,CSE583,2
ld4137@nittany.edu,IST110,1
nb2686@nittany.edu,CMPEN441,2
rk8121@nittany.edu,CMPSC448,1
vp6083@nittany.edu,CHEM111,1
mb7672@nittany.edu,CMPEN331,2
rh9618@nittany.edu,CMPEN441,2
lw7685@nittany.edu,CSE583,1
me6698@nittany.edu,EE211,1
mp7693@nittany.edu,CSE583,2
us6442@nittany.edu,MATH140,1
ma9983@nittany.edu,IST128,1
mk7105@nittany.edu,IST128,1
ma3822@nittany.edu,ECON201,2
vy1999@nittany.edu,IST558,2
lw8160@nittany.edu,ECON102,1
nm4783@nittany.edu,CMPEN431,1
nb4212@nittany.edu,EE320,2
ms9882@nittany.edu,EE352,1
mk2377@nittany.edu,CMPSC360,1
rw1366@nittany.edu,DS120,1
mr5319@nittany.edu,STAT319,1
kz9097@nittany.edu,EE211,2
ml7288@nittany.edu,PHYS213,1
jd5932@nittany.edu,CHEM112,1
lk1182@nittany.edu,STAT319,2
jk1331@nittany.edu,EE211,1
jw9436@nittany.edu,EE330,1
zw5425@nittany.edu,IST110,2
jk5021@nittany.edu,CMPEN270,1
mn1003@nittany.edu,IST128,1
ph8799@nittany.edu,STAT319,2
jl8774@nittany.edu,CMPEN331,1
mj7408@nittany.edu,CMPSC448,2
ns6501@nittany.edu,CMPEN431,1
lr5589@nittany.edu,CMPEN270,1
me5409@nittany.edu,CMPSC131,1
mc9096@nittany.edu,CMPSC497,2
jk4116@nittany.edu,ECON102,2
kb9285@nittany.edu,EE212,1
kq6968@nittany.edu,CMPEN441,2
mj6957@nittany.edu,IST128,2
tp4444@nittany.edu,DS120,1
me6706@nittany.edu,EE212,1
kb8171@nittany.edu,CMPSC475,2
sr6321@nittany.edu,CMPSC475,1
jh1737@nittany.edu,DS120,2
sp1616@nittany.edu,PHYS211,2
pm4249@nittany.edu,STAT318,1
tl1139@nittany.edu,IST558,1
im1645@nittany.edu,MATH230,2
sd6073@nittany.edu,MATH140,1
po7371@nittany.edu,MATH230,1
wo4044@nittany.edu,DS120,2
mc4662@nittany.edu,MATH231,1
mm9624@nittany.edu,PHYS211,1
nb6183@nittany.edu,CSE583,2
mm4674@nittany.edu,MATH231,2
vh5298@nittany.edu,CHEM110,1
mi2648@nittany.edu,PHYS213,2
js3229@nittany.edu,EE352,1
mt2801@nittany.edu,STAT415,1
oh9599@nittany.edu,ECON102,1
jb9306@nittany.edu,EE212,1
jc1462@nittany.edu,PHYS211,2
ks1926@nittany.edu,DS220,2
sb5646@nittany.edu,CMPSC461,1
mr3116@nittany.edu,CMPEN351,1
sn9491@nittany.edu,CMPSC131,1
mg7684@nittany.edu,STAT414,1
or2228@nittany.edu,STAT319,1
md6611@nittany.edu,CMPSC497,1
jk4027@nittany.edu,CMPSC221,1
kd4323@nittany.edu,DS120,1
mo4621@nittany.edu,CMPSC360,2
mg4093@nittany.edu,STAT319,2
nm3617@nittany.edu,CMPSC475,2
sr9640@nittany.edu,EE352,2
mw6081@nittany.edu,EE340,1
lt8326@nittany.edu,EE320,2
mb8575@nittany.edu,CMPEN431,2
sc6597@nittany.edu,IST128,1
ma8535@nittany.edu,CMPEN454,1
mb5410@nittany.edu,MATH140,1
tb1810@nittany.edu,IST558,1
jg7835@nittany.edu,PHYS212,1
yc8409@nittany.edu,MATH140,2
nl1189@nittany.edu,EE212,1
mg8396@nittany.edu,ECON102,1
ta4214@nittany.edu,CMPSC132,1
jc9373@nittany.edu,CHEM110,1
mr3131@nittany.edu,CMPSC311,1
mj9296@nittany.edu,EE352,2
lm8503@nittany.edu,CMPSC465,2
mt6337@nittany.edu,CMPEN331,1
mo2344@nittany.edu,ECON101,2
ml8317@nittany.edu,CMPSC465,1
mg7641@nittany.edu,CHEM112,2
ll6444@nittany.edu,DS120,2
md1308@nittany.edu,CMPSC311,2
jd5592@nittany.edu,EE320,2
sk9053@nittany.edu,CHEM112,2
mt1262@nittany.edu,EE320,1
mm6682@nittany.edu,CMPEN270,2
nw3340@nittany.edu,CMPEN331,2
td2308@nittany.edu,IST128,2
jw3297@nittany.edu,STAT415,2
sp1402@nittany.edu,EE330,1
ml5796@nittany.edu,CMPSC448,1
kc1302@nittany.edu,ECON101,2
ld9084@nittany.edu,IST558,2
oc9232@nittany.edu,MATH141,2
ma9716@nittany.edu,EE330,2
jh2181@nittany.edu,MATH140,2
md7018@nittany.edu,CMPEN270,1
rm1496@nittany.edu,DS220,2
og7528@nittany.edu,ECON101,2
ma8013@nittany.edu,ECON201,1
kk5103@nittany.edu,CMPSC360,2
jj6204@nittany.edu,STAT414,1
lh7203@nittany.edu,MATH141,2
lr4974@nittany.edu,EE352,1
rr1861@nittany.edu,STAT414,2
xb9185@nittany.edu,CMPSC461,2
mb2685@nittany.edu,CMPSC221,1
ms6799@nittany.edu,CMPEN441,2
lm1111@nittany.edu,PHYS212,2
ja2479@nittany.edu,EE352,2
zo2385@nittany.edu,CMPSC475,1
lr8600@nittany.edu,CMPSC221,2
kt2960@nittany.edu,EE210,1
lh7173@nittany.edu,CHEM110,1
mj8696@nittany.edu,MATH141,1
mo9119@nittany.edu,PHYS213,2
mr4981@nittany.edu,CMPSC461,1
rr3451@nittany.edu,IST128,1
se2637@nittany.edu,CMPEN270,2
jm7044@nittany.edu,IST558,1
zg1956@nittany.edu,IST110,2
mt7486@nittany.edu,DS220,2
kh5965@nittany.edu,CSE583,2
rt4621@nittany.edu,CHEM112,1
jr8895@nittany.edu,CMPSC131,1
mc3632@nittany.edu,CMPEN270,2
oc9673@nittany.edu,STAT319,1
pp1292@nittany.edu,ECON102,1
sr8161@nittany.edu,CMPEN331,2
mb3501@nittany.edu,ECON101,2
mt2330@nittany.edu,EE210,1
ss2791@nittany.edu,MATH140,2
lt1060@nittany.edu,DS120,1
mm9332@nittany.edu,DS220,2
mk2051@nittany.edu,EE353,1
jk9270@nittany.edu,STAT415,1
lc9556@nittany.edu,CMPSC475,1
js1332@nittany.edu,PHYS212,2
ss5447@nittany.edu,STAT415,1
ma2722@nittany.edu,DS220,1
sw9710@nittany.edu,CMPEN411,2
sm6158@nittany.edu,CMPEN331,1
ml5064@nittany.edu,CHEM110,2
kh1154@nittany.edu,EE212,2
kt5956@nittany.edu,PHYS214,1
kr9918@nittany.edu,EE212,2
ko8925@nittany.edu,CSE583,2
mf6881@nittany.edu,MATH231,1
mk4451@nittany.edu,CSE583,2
sm5255@nittany.edu,CMPEN411,1
rb2832@nittany.edu,ECON102,2
jr3224@nittany.edu,STAT318,1
kt2050@nittany.edu,CSE583,1
wd2661@nittany.edu,EE330,2
rf1975@nittany.edu,STAT318,1
mn9410@nittany.edu,PHYS213,1
sr4229@nittany.edu,DS120,2
tm5315@nittany.edu,IST110,1
ls2077@nittany.edu,EE211,1
rr4724@nittany.edu,STAT318,1
qj6035@nittany.edu,CMPSC448,2
jp6334@nittany.edu,MATH140,1
ms6805@nittany.edu,CMPEN431,1
sm4829@nittany.edu,CMPEN441,2
mp8264@nittany.edu,PHYS212,1
md9837@nittany.edu,CSE543,1
mc9587@nittany.edu,EE352,2
wa5127@nittany.edu,EE212,1
mp8748@nittany.edu,MATH231,1
vl5929@nittany.edu,EE211,1
md8760@nittany.edu,PHYS214,2
rh1754@nittany.edu,CMPSC360,1
mc2699@nittany.edu,CMPSC311,2
jh9891@nittany.edu,PHYS214,2
iv6531@nittany.edu,CMPSC465,1
ir2135@nittany.edu,ECON201,2
mr1874@nittany.edu,ECON102,2
rr7213@nittany.edu,CMPEN431,1
rh6801@nittany.edu,CMPEN454,1
mj1770@nittany.edu,CHEM110,1
mm6107@nittany.edu,CMPEN441,1
ma4550@nittany.edu,ECON101,1
jm2995@nittany.edu,ECON102,2
mz7054@nittany.edu,STAT318,2
km3504@nittany.edu,EE212,1
om9683@nittany.edu,EE352,1
jm6846@nittany.edu,ECON102,1
jk4828@nittany.edu,CMPEN270,2
rl4225@nittany.edu,ECON201,2
mg8599@nittany.edu,ECON102,1
lb9630@nittany.edu,CMPSC311,2
pp1200@nittany.edu,EE340,1
sw4720@nittany.edu,STAT319,2
lm1801@nittany.edu,MATH230,2
mh9954@nittany.edu,PHYS213,1
kw1386@nittany.edu,EE330,1
pa6499@nittany.edu,ECON101,1
sw3767@nittany.edu,EE352,2
rl7115@nittany.edu,CMPEN331,1
sb4094@nittany.edu,EE352,2
lm3612@nittany.edu,CSE543,2
mm7898@nittany.edu,DS220,1
sd7475@nittany.edu,CMPSC360,2
mz3667@nittany.edu,EE330,1
mo1767@nittany.edu,PHYS213,1
ms1481@nittany.edu,EE320,1
wr2752@nittany.edu,CMPEN362,1
ou9392@nittany.edu,CMPEN331,1
ml9111@nittany.edu,PHYS213,1
lh5555@nittany.edu,MATH140,2
rs3074@nittany.edu,CMPEN331,1
mb2986@nittany.edu,MATH141,2
mh2194@nittany.edu,CMPEN270,2
sg9224@nittany.edu,CMPSC131,1
sl9147@nittany.edu,CSE583,1
tz1637@nittany.edu,PHYS211,1
bk5477@nittany.edu,CMPEN411,2
af2362@nittany.edu,MATH231,2
at5855@nittany.edu,CMPSC475,1
bb2708@nittany.edu,CHEM112,2
ab1769@nittany.edu,CMPSC132,1
as5959@nittany.edu,EE330,2
as3517@nittany.edu,PHYS214,2
am9248@nittany.edu,CSE543,1
ab2069@nittany.edu,EE320,2
ab3353@nittany.edu,CMPSC448,1
ag4144@nittany.edu,CHEM112,1
ae4536@nittany.edu,CMPEN454,2
as6603@nittany.edu,CMPEN351,2
as6904@nittany.edu,ECON101,2
ah4627@nittany.edu,CMPSC132,1
ac6117@nittany.edu,CMPSC461,1
bs3099@nittany.edu,IST128,1
ar5750@nittany.edu,CMPEN270,1
bk4164@nittany.edu,STAT414,2
ah1893@nittany.edu,EE311,1
as4372@nittany.edu,DS220,1
ah8649@nittany.edu,CMPSC497,2
bl7521@nittany.edu,EE353,1
bp1701@nittany.edu,IST558,2
ah2132@nittany.edu,CMPSC497,2
aw9070@nittany.edu,STAT415,2
ap7012@nittany.edu,EE210,2
aw1897@nittany.edu,STAT414,1
ab3016@nittany.edu,MATH230,2
as7706@nittany.edu,CMPEN362,1
aw2413@nittany.edu,EE353,2
ab4636@nittany.edu,STAT318,2
ay6012@nittany.edu,CMPEN411,2
am1296@nittany.edu,DS120,2
co9856@nittany.edu,CMPEN411,1
bg1874@nittany.edu,CMPEN331,2
cz9116@nittany.edu,CMPEN362,1
ch1256@nittany.edu,PHYS213,1
am2658@nittany.edu,IST558,1
cg4965@nittany.edu,EE353,1
ch2187@nittany.edu,EE311,2
cd3328@nittany.edu,CMPSC461,1
bb2169@nittany.edu,CSE583,1
aj2734@nittany.edu,MATH141,2
cs3661@nittany.edu,CMPSC132,1
al7553@nittany.edu,EE212,2
dg3029@nittany.edu,CMPSC431W,1
aw5441@nittany.edu,CMPSC448,2
br5296@nittany.edu,CMPSC132,1
cb8478@nittany.edu,EE211,1
dh5107@nittany.edu,CHEM110,1
bp7844@nittany.edu,MATH140,2
cg4094@nittany.edu,CMPEN270,1
co3033@nittany.edu,CMPSC131,1
dk6748@nittany.edu,CMPEN331,1
ag2003@nittany.edu,CSE583,2
bh9149@nittany.edu,CMPSC221,1
as3353@nittany.edu,CSE583,1
bk6824@nittany.edu,STAT319,1
ds4127@nittany.edu,CMPEN441,2
ac5862@nittany.edu,CMPSC465,2
ck2097@nittany.edu,EE353,2
cf2840@nittany.edu,CMPSC448,2
br8852@nittany.edu,IST558,1
cr7454@nittany.edu,MATH230,2
ch9754@nittany.edu,MATH230,2
dh6358@nittany.edu,CMPSC475,1
bj2880@nittany.edu,IST110,1
ch3297@nittany.edu,MATH140,1
ak5096@nittany.edu,EE330,2
ag1594@nittany.edu,CMPEN270,2
bb3021@nittany.edu,CMPSC131,1
aw8623@nittany.edu,PHYS211,2
cr5283@nittany.edu,CMPEN431,1
cn5833@nittany.edu,ECON201,2
bm9506@nittany.edu,STAT415,1
cr7460@nittany.edu,CMPSC431W,2
ab8172@nittany.edu,EE210,1
cr8911@nittany.edu,EE210,1
as9069@nittany.edu,CHEM110,1
bb4483@nittany.edu,MATH231,2
cw7585@nittany.edu,IST558,1
am3245@nittany.edu,PHYS214,1
cb2134@nittany.edu,CSE543,2
ah8299@nittany.edu,STAT414,1
bh1407@nittany.edu,CMPEN362,1
ck4064@nittany.edu,STAT319,2
cr7030@nittany.edu,MATH140,2
aa2256@nittany.edu,DS220,1
cr7834@nittany.edu,CMPEN411,1
ct2924@nittany.edu,MATH231,2
bw8893@nittany.edu,CMPSC465,1
cg7136@nittany.edu,CMPSC221,2
cc2445@nittany.edu,ECON101,1
cc1235@nittany.edu,CMPSC448,2
ca6499@nittany.edu,ECON102,1
cq4861@nittany.edu,EE352,2
cn5368@nittany.edu,PHYS211,1
bl4092@nittany.edu,EE320,2
ba4903@nittany.edu,EE210,1
cw6141@nittany.edu,CMPSC221,1
cm4400@nittany.edu,EE211,1
ck6661@nittany.edu,CMPSC360,2
co5263@nittany.edu,DS120,1
cs4243@nittany.edu,STAT414,2
bc4962@nittany.edu,STAT319,2
af8503@nittany.edu,CMPEN331,1
am6323@nittany.edu,PHYS211,2
bp7877@nittany.edu,PHYS213,2
cw7068@nittany.edu,CMPSC448,1
bl6052@nittany.edu,DS120,1
cs2006@nittany.edu,IST110,1
ah6141@nittany.edu,EE210,2
cs3754@nittany.edu,MATH140,2
bk6475@nittany.edu,EE352,1
ch6057@nittany.edu,MATH231,2
ar9287@nittany.edu,IST110,2
bm6234@nittany.edu,IST110,1
bs1006@nittany.edu,CMPEN441,1
ca5845@nittany.edu,CMPSC465,1
cb6121@nittany.edu,DS220,1
dh5008@nittany.edu,IST558,1
al8943@nittany.edu,ECON201,1
ak5890@nittany.edu,MATH140,2
ca1975@nittany.edu,CMPEN441,2
as2674@nittany.edu,CMPSC465,1
ck4873@nittany.edu,CMPSC131,1
dr8416@nittany.edu,EE210,2
cs5417@nittany.edu,STAT414,2
bd6345@nittany.edu,ECON101,2
bl3745@nittany.edu,CMPEN270,1
bo5114@nittany.edu,EE212,1
ck8437@nittany.edu,MATH231,2
ag5931@nittany.edu,CSE583,2
bf5148@nittany.edu,PHYS211,2
db2409@nittany.edu,CMPEN431,2
as2481@nittany.edu,CSE543,1
cd4187@nittany.edu,CHEM111,2
aj3787@nittany.edu,CMPEN362,2
ae5810@nittany.edu,CHEM111,2
cc6232@nittany.edu,EE212,2
br8383@nittany.edu,PHYS213,1
dc8417@nittany.edu,CHEM111,1
ap8774@nittany.edu,CMPEN331,2
bb4001@nittany.edu,EE212,2
cp9426@nittany.edu,PHYS211,2
dh7522@nittany.edu,CMPEN411,1
ao3325@nittany.edu,EE330,2
cs4540@nittany.edu,CMPEN331,2
cw3561@nittany.edu,MATH140,1
cm5322@nittany.edu,CMPSC360,1
ab5104@nittany.edu,CMPSC497,2
cw1038@nittany.edu,CMPEN411,2
aw8382@nittany.edu,EE340,1
cb5065@nittany.edu,STAT319,2
bt1573@nittany.edu,CSE583,2
cs3610@nittany.edu,STAT319,2
db6530@nittany.edu,CMPSC360,1
cs1816@nittany.edu,CMPEN270,2
eh3966@nittany.edu,CMPEN270,1
gl5131@nittany.edu,CMPEN270,2
eu6734@nittany.edu,CMPEN351,1
gj1336@nittany.edu,ECON102,1
fe4839@nittany.edu,ECON201,2
ew9592@nittany.edu,CHEM111,1
ed8801@nittany.edu,CSE583,1
gp4162@nittany.edu,EE311,2
is6689@nittany.edu,ECON201,1
ie2276@nittany.edu,PHYS214,2
ek4881@nittany.edu,PHYS214,1
gj5319@nittany.edu,CHEM111,1
dg3660@nittany.edu,EE352,2
em6584@nittany.edu,EE320,1
db1016@nittany.edu,MATH230,2
gl1897@nittany.edu,CMPSC448,2
da1878@nittany.edu,DS120,1
ed7159@nittany.edu,CMPEN331,1
gr5445@nittany.edu,IST558,1
fk6517@nittany.edu,STAT415,1
ea7463@nittany.edu,STAT414,2
dl7664@nittany.edu,IST110,1
dk5949@nittany.edu,PHYS213,2
do9924@nittany.edu,EE320,1
ew2287@nittany.edu,STAT318,1
dw8054@nittany.edu,CSE543,1
fo7818@nittany.edu,EE210,2
do2791@nittany.edu,EE212,2
dl2872@nittany.edu,ECON101,2
hc9512@nittany.edu,CMPSC132,2
fw9529@nittany.edu,CMPSC360,1
fb6120@nittany.edu,CMPSC461,1
ej6416@nittany.edu,CMPSC311,2
gs5261@nittany.edu,CMPEN454,1
hs3812@nittany.edu,CHEM112,2
er9643@nittany.edu,CMPSC448,2
gb9073@nittany.edu,CMPSC221,1
eh3135@nittany.edu,CMPEN331,2
ds7254@nittany.edu,EE353,1
dw8693@nittany.edu,MATH140,1
eb5700@nittany.edu,MATH141,1
gb8971@nittany.edu,CMPSC448,2
eb9702@nittany.edu,STAT415,2
fm5811@nittany.edu,STAT415,2
il8896@nittany.edu,ECON101,2
eb7897@nittany.edu,CMPSC465,1
gb9628@nittany.edu,IST110,1
el2162@nittany.edu,PHYS212,2
dz1220@nittany.edu,MATH140,1
em9606@nittany.edu,MATH140,1
dd7048@nittany.edu,CMPSC475,2
hb4427@nittany.edu,CMPEN351,2
du5385@nittany.edu,CMPSC461,1
do7088@nittany.edu,CMPSC475,2
hh4615@nittany.edu,PHYS213,2
gl1181@nittany.edu,CMPEN454,1
ds7549@nittany.edu,CMPSC132,1
ej6093@nittany.edu,IST558,1
dt1755@nittany.edu,CMPSC461,1
gh1031@nittany.edu,CMPSC461,2
dg9379@nittany.edu,CMPSC360,2
hq7130@nittany.edu,ECON201,2
dl8726@nittany.edu,CSE543,1
fk3783@nittany.edu,EE320,2
hs3254@nittany.edu,STAT318,1
eg9777@nittany.edu,STAT319,2
eh8403@nittany.edu,CMPSC221,1
dg1041@nittany.edu,CHEM112,2
ew3399@nittany.edu,MATH230,1
dr5383@nittany.edu,CMPEN441,2
ib8603@nittany.edu,CMPEN411,2
ef2211@nittany.edu,CMPEN351,1
hs6780@nittany.edu,CSE583,2
dh7046@nittany.edu,CMPSC431W,2
gl5818@nittany.edu,EE210,2
gr4392@nittany.edu,EE330,1
hm9327@nittany.edu,CMPEN431,1
er5239@nittany.edu,EE211,1
ek3642@nittany.edu,ECON102,1
gr4591@nittany.edu,EE211,1
fw2120@nittany.edu,EE212,2
fc5125@nittany.edu,DS120,2
hh1524@nittany.edu,CMPEN431,1
dg7321@nittany.edu,CMPSC431W,1
dp4783@nittany.edu,CHEM110,1
gd4593@nittany.edu,EE340,1
dg7987@nittany.edu,MATH141,2
gr3326@nittany.edu,CMPEN441,1
dk1425@nittany.edu,EE340,1
fr1588@nittany.edu,CMPSC360,2
hc6195@nittany.edu,CMPEN270,2
fa1972@nittany.edu,CHEM111,2
ff4897@nittany.edu,ECON101,1
gj7421@nittany.edu,CHEM110,2
dk5850@nittany.edu,EE352,1
gh2561@nittany.edu,PHYS213,2
gs2617@nittany.edu,CMPSC465,1
eb3303@nittany.edu,PHYS214,2
dt1653@nittany.edu,CMPEN351,2
em9510@nittany.edu,STAT414,2
hh1856@nittany.edu,CMPSC311,1
eh6509@nittany.edu,CMPSC461,2
hm8630@nittany.edu,ECON101,2
eq3640@nittany.edu,EE210,2
hw8828@nittany.edu,CMPSC461,2
ew8925@nittany.edu,ECON101,2
ek5867@nittany.edu,EE352,1
dm6277@nittany.edu,IST110,1
er2458@nittany.edu,CSE543,2
ew2185@nittany.edu,EE311,1
gp3361@nittany.edu,CMPSC475,1
dh7362@nittany.edu,EE212,2
eo6418@nittany.edu,CMPSC431W,1
da3247@nittany.edu,EE352,2
gd1891@nittany.edu,EE320,2
dm4287@nittany.edu,CMPSC360,2
dj4017@nittany.edu,PHYS213,2
dg3528@nittany.edu,MATH231,2
iw4518@nittany.edu,DS220,2
ds8193@nittany.edu,STAT415,2
ds2879@nittany.edu,CMPSC461,2
hl4356@nittany.edu,CMPSC131,2
dw5475@nittany.edu,EE212,2
ft1093@nittany.edu,CMPSC448,2
fs3719@nittany.edu,CMPEN411,1
ds2224@nittany.edu,PHYS212,2
es8944@nittany.edu,STAT319,1
gt3176@nittany.edu,ECON201,2
dc7489@nittany.edu,PHYS212,2
ek7386@nittany.edu,CMPEN362,2
fg4672@nittany.edu,CHEM111,1
da2022@nittany.edu,CHEM110,1
fs1546@nittany.edu,CMPEN270,1
ew7279@nittany.edu,CHEM111,1
hh9927@nittany.edu,DS220,2
gd6812@nittany.edu,STAT415,1
gh4919@nittany.edu,PHYS214,1
hb6400@nittany.edu,EE330,1
dl4708@nittany.edu,MATH141,2
fw1745@nittany.edu,MATH231,1
gb6345@nittany.edu,CMPSC448,2
ed1041@nittany.edu,MATH231,2
er8341@nittany.edu,MATH231,1
ej3628@nittany.edu,CMPSC131,1
gs3266@nittany.edu,CMPEN441,1
dm6239@nittany.edu,EE210,2
fh7189@nittany.edu,CMPSC131,1
gr1809@nittany.edu,IST128,2
hm5525@nittany.edu,CMPSC475,1
eg7228@nittany.edu,DS220,1
em2859@nittany.edu,CMPEN431,1
eg5689@nittany.edu,CMPSC461,1
dc8436@nittany.edu,EE320,2
eo5933@nittany.edu,STAT318,1
ek2555@nittany.edu,STAT415,2
ib9263@nittany.edu,CMPSC497,1
dl7100@nittany.edu,STAT318,2
gh1212@nittany.edu,STAT415,2
dc3082@nittany.edu,CMPSC360,1
em3990@nittany.edu,CHEM112,2
dk9439@nittany.edu,PHYS211,2
gs6695@nittany.edu,MATH140,1
gp6880@nittany.edu,CMPEN431,2
es9891@nittany.edu,ECON201,2
ds2211@nittany.edu,PHYS214,2
er2244@nittany.edu,PHYS211,2
do8320@nittany.edu,CMPSC465,2
er6539@nittany.edu,STAT415,1
ds2123@nittany.edu,EE330,1
dg8738@nittany.edu,CMPSC497,2
dr9676@nittany.edu,MATH230,2
er2818@nittany.edu,STAT319,2
gc5107@nittany.edu,PHYS212,2
da8807@nittany.edu,DS120,2
gk3247@nittany.edu,CMPEN454,2
hs1177@nittany.edu,EE211,1
hb7496@nittany.edu,MATH140,1
hd3109@nittany.edu,CMPSC221,2
dm9701@nittany.edu,EE320,2
es2273@nittany.edu,ECON102,2
em7352@nittany.edu,PHYS212,1
dr6246@nittany.edu,ECON201,2
dw2632@nittany.edu,CMPSC221,1
dh1318@nittany.edu,CMPSC431W,1
ev8921@nittany.edu,STAT414,2
gw5806@nittany.edu,EE352,1
dr3255@nittany.edu,CMPSC448,1
dh3792@nittany.edu,MATH230,1
dc5453@nittany.edu,CHEM111,1
fh5083@nittany.edu,CMPSC497,1
ew8429@nittany.edu,EE340,1
eb2377@nittany.edu,CHEM111,2
fr6216@nittany.edu,CMPSC131,2
eb9389@nittany.edu,EE211,1
ee6932@nittany.edu,IST128,2
er9391@nittany.edu,CSE543,2
da4619@nittany.edu,CMPEN362,1
dr7544@nittany.edu,PHYS214,1
ej7700@nittany.edu,CMPEN454,2
df7770@nittany.edu,PHYS212,1
ds5937@nittany.edu,STAT319,2
hk5972@nittany.edu,CMPEN411,1
dg6925@nittany.edu,IST110,1
em9445@nittany.edu,STAT318,2
gk9861@nittany.edu,STAT318,1
gc5114@nittany.edu,CMPSC360,1
dj1479@nittany.edu,MATH230,2
hr2868@nittany.edu,CMPEN331,1
fb4575@nittany.edu,CMPSC431W,1
de5828@nittany.edu,EE352,2
fm5590@nittany.edu,CMPSC497,2
fr8166@nittany.edu,CHEM110,2
dl6390@nittany.edu,STAT415,1
df8189@nittany.edu,EE353,1