al4613@nittany.edu,ixg1libp,Alisa Lynch,19,F,CHEM,78 South Brewery Ave. ,62901
am4447@nittany.edu,4eystjwe,Alisha Murray,21,F,CMPSC,639 Princeton Rd. ,46376
ak9804@nittany.edu,p0ulbn26,Alice Kiehn,20,M,PHYS,8985 Cambridge Ave. ,30529
as1233@nittany.edu,06e84eor,Anastasia Shields,18,F,CSE,55 Hall St. ,72571
al5684@nittany.edu,ev4n7hoh,Alyce Leuschke Jr.,21,M,PHYS,232 W. Homewood Ave. ,80104
al6759@nittany.edu,oqt6byzj,Althea Leuschke,21,F,PHYS,608 North Addison St. ,91042
ah2567@nittany.edu,d797xc1r,Alysa Hintz,20,F,EE,7764 Union Avenue ,52041
ab8825@nittany.edu,gr1wwq45,Alisha Beier,21,M,CSE,91 S. Gartner Street ,33162
ak1365@nittany.edu,uy8t28xc,Anastacio Krajcik,18,F,DS,7195 North Canterbury Circle ,86426
at2037@nittany.edu,dfo34diu,Alfonso Torp,18,F,PHYS,963 Court Road ,80820
as3627@nittany.edu,l55ah9nv,Alexis Schulist,22,M,CMPEN,9599 La Sierra St. ,62943
ah3078@nittany.edu,a1uqkqum,Alicia Harber,22,F,MATH,83 Corona Street ,62684
ab8389@nittany.edu,h18e8b5s,Amiya Bogisich II,18,M,MATH,361 E. Sierra Street ,47360
at1813@nittany.edu,wxl0jmfp,Alfredo Trantow,20,F,CMPSC,7450 West Manchester Street ,46121
ao8250@nittany.edu,o81zf7vv,Alysson Okuneva,20,F,MATH,863 Stillwater Road ,62824
al8826@nittany.edu,4n61e74y,Anabel Littel,22,M,EE,798 North Euclid Drive ,30277
ab4479@nittany.edu,frmyglmo,Alycia Berge,20,F,EE,8687 N. Sleepy Hollow Court ,50244
al5806@nittany.edu,ougfoqn0,Ali Ledner,19,F,STAT,608 North Addison St. ,71602
aj1457@nittany.edu,nthuiyec,Angela Jast Jr.,19,M,STAT,141 Gulf Rd. ,33847
ar7586@nittany.edu,5h880la6,Amely Rohan,18,F,PHYS,18 Lakeview Street ,39834
am6718@nittany.edu,wd5xogip,Amaya Mosciski,19,F,CMPSC,7764 Union Avenue ,32927
as4057@nittany.edu,93fj0cwc,Alexys Stanton,21,M,EE,9659 Rosewood Drive ,61870
az6923@nittany.edu,mg8nk8d5,Allene Zulauf,22,M,ECON,358 Marvon Ave. ,96058
ab9912@nittany.edu,gjgm1fqt,Alysa Bosco Sr.,19,F,EE,7529 Old Sunset Road ,62884
ap8429@nittany.edu,uh69s5qo,Amie Pacocha,18,M,ECON,608 North Addison St. ,60932
ag4728@nittany.edu,h5rqfz6v,Amara Gaylord,22,F,PHYS,780 East Redwood Drive ,30078
am5109@nittany.edu,viq0h6xe,Americo Mitchell,19,M,MATH,9498 Newport Ave. ,62320
ab3717@nittany.edu,tr7phe04,Alivia Brown DDS,21,F,CHEM,780 East Redwood Drive ,33035
ah5707@nittany.edu,t4v6sg4w,Alexane Hermann,21,F,ECON,88 Harrison Street ,60613
ad9791@nittany.edu,pt2zj3ku,Amaya Denesik,19,F,CHEM,639 Princeton Rd. ,62530
aw2983@nittany.edu,9gbzyxsk,Andre Will,22,F,CMPSC,8687 N. Sleepy Hollow Court ,51573
lj2993@nittany.edu,p7yiphsy,Lenna Jewess Sr.,19,F,DS,7313 Stillwater Lane ,31216
rb1832@nittany.edu,mn60ih69,Rosie Bruen,21,M,CSE,453 North Elm Dr. ,61252
ld8122@nittany.edu,1vnxmx51,Lorenzo Dickens,19,M,CSE,8131 Elizabeth Ave. ,50515
md5914@nittany.edu,cjiicgr5,Marjorie Dickinson,19,F,CMPEN,963 Court Road ,32925
kf8268@nittany.edu,m0bdut14,Keon Fadel,21,M,CMPEN,7764 Union Avenue ,94601
pz6665@nittany.edu,7j7rei4g,Penelope Ziemann,22,F,STAT,185 E. Trenton Street ,85354
mr6639@nittany.edu,2mjlwhvc,Maximilian Ruecker,21,M,CSE,308 Mammoth Dr. ,34609
sc5452@nittany.edu,p8ieksdz,Samanta Collier,18,M,CSE,7297 Applegate St. ,30523
tp8468@nittany.edu,od1asurx,Tyree Pacocha,22,M,CHEM,7529 Old Sunset Road ,34210
ih9335@nittany.edu,d5mus3og,Ima Hilll,22,F,CHEM,9498 Newport Ave. ,80652
me9525@nittany.edu,61ip5i1a,Miss Ellsworth Goyette,20,M,IST,266 Second Street ,52776
pr4075@nittany.edu,09vhc6ga,Pasquale Ritchie,21,M,IST,232 W. Homewood Ave. ,52571
nk8056@nittany.edu,1vpw660p,Nicolas Kunde,19,F,CMPSC,83 Corona Street ,96132
jz5577@nittany.edu,9z5xs7i4,Jaunita Zemlak,22,M,CHEM,6 Andover Dr. ,20390
jp2632@nittany.edu,6f4h1qhw,Jaunita Paucek,18,F,CMPSC,7297 Applegate St. ,91106
lk7361@nittany.edu,i15k2z5c,Luisa Keebler,21,F,STAT,251 West Sheffield Drive ,94947
ks1880@nittany.edu,a31lbs06,Karli Streich DDS,20,M,EE,9236 El Dorado St. ,30339
ms2404@nittany.edu,xbodkb1p,Miss Stanton Hyatt,20,F,PHYS,63 Lake Forest Road ,32164
ih5431@nittany.edu,c6m8qq2y,Isobel Hudson,20,F,CMPSC,9408 Anderson Court ,81240
sm4115@nittany.edu,cyr5laao,Shaun Marvin,20,F,STAT,8985 Cambridge Ave. ,72852
js8078@nittany.edu,juqc63zz,Justina Schuster,19,M,DS,285 Dogwood Drive ,95337
mb4117@nittany.edu,iqt9wnaq,Manuela Blick,18,F,STAT,963 Court Road ,50231
rm8585@nittany.edu,zibhv380,Reina McLaughlin Jr.,18,F,DS,7313 Stillwater Lane ,86042
mg1976@nittany.edu,hhoz4znw,Miss Gennaro Torphy,18,F,EE,863 Stillwater Road ,46347
kc4364@nittany.edu,o19o3kra,Kaleb Carter MD,20,M,CMPEN,639 Princeton Rd. ,80816
rh2046@nittany.edu,cz4rv678,Reva Hirthe,18,F,CSE,141 Gulf Rd. ,47469
jh2885@nittany.edu,e3gvatua,Jennie Haag,19,M,IST,185 E. Trenton Street ,85251
ms9362@nittany.edu,t97xa8jr,Mikayla Senger,21,F,EE,7313 Stillwater Lane ,94107
jl6447@nittany.edu,hza255xn,Janis Leffler,20,M,MATH,182 Spring Street ,91203
mr2329@nittany.edu,u50mz2ki,Maverick Rempel,22,F,MATH,7195 North Canterbury Circle ,52737
ma5503@nittany.edu,ql6wokcz,Myrtice Armstrong,20,F,ECON,7313 Stillwater Lane ,46324
rb4971@nittany.edu,6ch26zsv,Roy Boehm,22,F,CMPEN,91 S. Gartner Street ,62358
jc5818@nittany.edu,zrziiod8,Jackie Considine,19,F,CMPSC,91 S. Gartner Street ,50851
kg2618@nittany.edu,c6zw7xeq,Kristofer Gusikowski,21,M,DS,9408 Anderson Court ,92008
lg4120@nittany.edu,td7qer7k,Letitia Graham,19,F,STAT,3 North Linden Ave. ,61274
sg2123@nittany.edu,885lnlgn,Skye Graham,22,F,CMPEN,266 Second Street ,95425
tp3946@nittany.edu,3w4nls9b,Thora Predovic Sr.,19,F,CMPSC,285 Dogwood Drive ,47434
sb5076@nittany.edu,9yzoqecx,Suzanne Botsford,19,F,CMPEN,3 North Linden Ave. ,85192
mh2221@nittany.edu,ldrwndyy,Mr. Hallie Crooks,18,M,ECON,78 South Brewery Ave. ,30755
vs8351@nittany.edu,zagzjbh5,Vilma Sauer,22,M,PHYS,120 Heritage Lane ,30113
mm1324@nittany.edu,5zsqvzsa,Mrs. Marlee Ward,21,M,CMPSC,7195 North Canterbury Circle ,6066
tg2289@nittany.edu,mujxipgm,Theresa Glover,21,M,STAT,708 York Dr. ,80615
mk4648@nittany.edu,5tplvmde,Meredith Kuhlman DVM,22,M,MATH,336 Myrtle Street ,62888
sa8884@nittany.edu,h4hxgcq7,Santino Altenwerth,21,F,MATH,8378 West Pulaski Ave. ,83616
kn1468@nittany.edu,56evzicb,Kiley Nienow PhD,20,F,MATH,285 Dogwood Drive ,92624
jk5833@nittany.edu,8axiqzsa,Joe Kirlin DDS,21,M,CSE,87 Vermont St. ,50654
md1699@nittany.edu,7zez3zsk,Malvina DuBuque,18,F,ECON,88 Harrison Street ,81332
mc4814@nittany.edu,7vx7covg,Mrs. Chasity Schamberger,20,M,CMPSC,7450 West Manchester Street ,95231
ll2646@nittany.edu,yt1zlei9,Lucius Lakin,20,F,PHYS,7130 Longfellow Dr. ,32359
mr3369@nittany.edu,1c8zbevj,Mariane Reilly,22,M,IST,453 North Elm Dr. ,52569
tb7100@nittany.edu,0m29rudy,Tara Baumbach,19,M,CSE,963 Court Road ,46310
wm3293@nittany.edu,vohtstyp,Wilfred Moen,20,M,PHYS,7529 Old Sunset Road ,72383
jb9557@nittany.edu,rhw24sr5,Jodie Brekke Sr.,21,M,CHEM,8985 Cambridge Ave. ,96103
ko8881@nittany.edu,88zlsj5j,Kristopher O'Connell,21,F,CMPSC,7764 Union Avenue ,30341
zj6533@nittany.edu,t2ujdmui,Zackary Johnson,18,F,ECON,7297 Applegate St. ,94107
mb4756@nittany.edu,obmm3eek,Max Bashirian,18,F,ECON,608 North Addison St. ,32754
mr3556@nittany.edu,xkuhje6t,Marietta Runolfsson,21,F,CMPSC,708 York Dr. ,33778
md3813@nittany.edu,kr7ql6nc,Ms. Devante Frami,21,F,CHEM,7195 North Canterbury Circle ,93004
km6173@nittany.edu,re55bd6w,Kali Mills,19,M,MATH,185 E. Trenton Street ,51031
sg3060@nittany.edu,lfd2z2k3,Shaun Glover,22,F,IST,182 Spring Street ,61742
ms7605@nittany.edu,t2xd9avn,Mariana Stokes,19,M,MATH,266 Second Street ,32780
tm4946@nittany.edu,7i18zf4n,Tommie Mosciski,22,F,CMPSC,9408 Anderson Court ,30473
jg1721@nittany.edu,xms08kb4,Jailyn Green,22,M,CHEM,7195 North Canterbury Circle ,30410
yc2897@nittany.edu,wagux3h8,Yessenia Crona,21,M,CMPSC,120 Heritage Lane ,52737
ss9714@nittany.edu,8z5pnlui,Serena Stiedemann,22,F,EE,8378 West Pulaski Ave. ,52555
rb9779@nittany.edu,2xpz77r8,Ressie Boyer,21,M,CMPEN,9659 Rosewood Drive ,31701
zr6768@nittany.edu,cqu4oqqk,Zackery Reynolds,20,F,CHEM,185 E. Trenton Street ,51005
rc6428@nittany.edu,tqdgdwnl,Robb Christiansen,22,M,EE,798 North Euclid Drive ,60551
jt5287@nittany.edu,pjjaks2g,Joaquin Turner,21,M,DS,7313 Stillwater Lane ,95388
lo7605@nittany.edu,bn47qlis,Lucy Oberbrunner,21,M,CHEM,4 Old Academy Drive ,80229
tr4637@nittany.edu,h6czyxwt,Trudie Runte,18,F,EE,361 E. Sierra Street ,61570
lr3728@nittany.edu,a62i6pl3,Lambert Russel,22,F,MATH,453 North Elm Dr. ,80433
xg4863@nittany.edu,sxbpeq1n,Xavier Greenfelder V,20,M,CHEM,6 Andover Dr. ,90240
me5010@nittany.edu,lscmydj9,Mr. Elta Hammes,18,F,IST,9498 Newport Ave. ,62571
lr5472@nittany.edu,9itfmlss,Lucas Reinger,19,F,PHYS,251 West Sheffield Drive ,30728
sh4974@nittany.edu,468vx2eo,Shyanne Heller,22,F,CMPSC,91 S. Gartner Street ,50864
la9924@nittany.edu,pyu1l9vk,Lorena Anderson,21,M,PHYS,3 North Linden Ave. ,60423
ms2737@nittany.edu,pw8rw005,Marlene Schulist,22,F,ECON,4 Old Academy Drive ,46590
tb8127@nittany.edu,hluyeul5,Tobin Balistreri,22,F,STAT,3 North Linden Ave. ,33169
mm2976@nittany.edu,6be7cy6j,Maudie Murphy,18,F,ECON,7130 Longfellow Dr. ,62049
th3170@nittany.edu,vcqhvrf4,Toy Hayes,18,M,DS,9498 Newport Ave. ,46310
kk3742@nittany.edu,pzivzcis,Khalil Kovacek,18,F,CHEM,7529 Old Sunset Road ,52208
nd2615@nittany.edu,x66pet3n,Noble Dooley,19,M,CSE,9659 Rosewood Drive ,94957
sb6428@nittany.edu,21appxs5,Sammy Braun,21,M,STAT,91 S. Gartner Street ,33136
rr9237@nittany.edu,pg6loq0c,Rubie Runolfsson,20,M,MATH,8687 N. Sleepy Hollow Court ,30545
mm1660@nittany.edu,ho1589h3,Mr. Mable Prosacco,18,M,DS,63 Lake Forest Road ,61242
mr1462@nittany.edu,7wkpb4f4,Mrs. Reba Heller,18,F,PHYS,18 Lakeview Street ,81242
lg1828@nittany.edu,bnq1qmcv,Louisa Gislason,19,M,CHEM,7764 Union Avenue ,96761
jo7172@nittany.edu,1ycbd4va,Jalen Orn,19,M,CSE,7313 Stillwater Lane ,95547
ma5045@nittany.edu,fba3ls3l,Miss Ardith Jerde,19,F,CMPSC,708 York Dr. ,91343
mc4696@nittany.edu,65t6knui,Marianna Cummings,21,M,PHYS,120 Heritage Lane ,47983
rs3973@nittany.edu,fcksdooc,Ryan Schuster,18,M,CSE,8131 Elizabeth Ave. ,32024
my7428@nittany.edu,p5xjrgpy,Mr. Yvette Gislason,22,M,IST,8687 N. Sleepy Hollow Court ,72432
mv4275@nittany.edu,hxmroy2c,Mohammed Von,22,F,DS,3 North Linden Ave. ,30467
vw5806@nittany.edu,wi14inop,Vivien Will,21,F,CMPEN,780 East Redwood Drive ,62087
nr4230@nittany.edu,o0u7wza2,Nadia Renner,19,F,ECON,6 Andover Dr. ,94512
ma3543@nittany.edu,0we09v6f,Mrs. Albertha Kautzer,21,F,PHYS,780 East Redwood Drive ,81410
mc9149@nittany.edu,1kwxyx73,Mossie Considine,20,F,IST,8985 Cambridge Ave. ,50238
lg2530@nittany.edu,28g2dueo,Lavina Goodwin,20,F,EE,232 W. Homewood Ave. ,33062
sh4671@nittany.edu,5qe7bghc,Stefanie Haley,19,F,DS,120 Heritage Lane ,91915
mt7030@nittany.edu,s0t63ppx,Markus Turcotte DDS,18,M,CHEM,798 North Euclid Drive ,31771
lt3713@nittany.edu,jajxpr7a,Loyce Torphy,21,M,IST,336 Myrtle Street ,93449
jw3861@nittany.edu,5x3nzy2o,Jeremie Watsica,22,M,IST,63 Lake Forest Road ,93240
kr4923@nittany.edu,w8igr7b2,Kenyon Rohan,19,M,STAT,863 Stillwater Road ,30557
nf6339@nittany.edu,kh25zijo,Napoleon Fay,18,F,CSE,453 North Elm Dr. ,62666
md6319@nittany.edu,ryu3o2mq,Melvin D'Amore,22,M,DS,7195 North Canterbury Circle ,94070
mb1688@nittany.edu,n2dfub1z,Miss Brain Altenwerth,22,M,CSE,3 North Linden Ave. ,47340
mk5190@nittany.edu,vdpmots3,Marcel Kihn,18,F,STAT,78 South Brewery Ave. ,6262
mk3204@nittany.edu,fxkpjvr8,Ms. Katlynn Mills,22,M,CSE,259 Cleveland Road ,92887
oc3904@nittany.edu,x4wzwl35,Olin Connelly,20,F,DS,863 Stillwater Road ,93631
km6627@nittany.edu,brhbtpp6,Kevin Mante,20,M,PHYS,336 Myrtle Street ,86433
js6308@nittany.edu,c3ixaudm,Jerrold Schiller,18,M,IST,8378 West Pulaski Ave. ,93930
jw4897@nittany.edu,95kymlws,Juanita Wilderman,20,F,CHEM,9236 El Dorado St. ,50208
vl7715@nittany.edu,jxdqxajo,Vernice Langworth,18,F,CSE,9659 Rosewood Drive ,47584
ph3861@nittany.edu,704ilqhr,Pink Haag,19,M,STAT,358 Marvon Ave. ,81615
md2194@nittany.edu,mij0lo81,Miss Daren Kessler,19,M,CSE,8131 Elizabeth Ave. ,61740
jh3919@nittany.edu,2fi47lk3,Junior Heathcote,19,M,EE,285 Dogwood Drive ,72118
mw5114@nittany.edu,ylozvj4o,Mohammed White,19,F,EE,182 Spring Street ,72520
ld6778@nittany.edu,fpqano7u,Lionel Daniel,20,F,DS,141 Gulf Rd. ,81623
mc1411@nittany.edu,vvni2kh3,Mr. Catharine Johns,20,F,CMPEN,18 Lakeview Street ,96113
lg7099@nittany.edu,bc4le940,Lucile Gislason,20,M,STAT,182 Spring Street ,85085
mm9659@nittany.edu,13kvwsjo,Ms. Malinda Greenfelder,19,F,ECON,232 W. Homewood Ave. ,6384
rc5324@nittany.edu,gbqtku3c,Reyes Cormier,21,M,IST,7 Arch Court ,50153
mz7312@nittany.edu,ro0wghzu,Miss Zechariah Kulas,20,F,PHYS,6 Andover Dr. ,32925
ml5786@nittany.edu,c03gkbjx,Mrs. Leonard Bosco,22,F,EE,55 Hall St. ,6370
nh2508@nittany.edu,lo21i5t7,Nina Hilll,21,M,CHEM,8687 N. Sleepy Hollow Court ,92624
ms2255@nittany.edu,fjh8si60,Maritza Schaefer,21,M,ECON,119 Harvey Street ,92024
mp4954@nittany.edu,93lugexr,Marlin Pfannerstill,19,M,EE,78 South Brewery Ave. ,31007
lj7790@nittany.edu,f0kf14lp,Lulu Jakubowski,19,M,CMPSC,9498 Newport Ave. ,94965
sr7729@nittany.edu,kb3tlio2,Skye Robel Jr.,20,F,CHEM,18 Lakeview Street ,80005
mt8800@nittany.edu,pqq8z7sr,Mr. Tiana Glover,19,M,CSE,88 Harrison Street ,34470
ld6540@nittany.edu,n7qps904,Leonor Davis,21,F,EE,639 Princeton Rd. ,62610
sv5358@nittany.edu,72khyt24,Sterling Volkman Sr.,20,F,PHYS,655 East Branch Dr. ,50420
kf8921@nittany.edu,5wy4bon0,Kylie Fay,19,M,CMPSC,285 Dogwood Drive ,94547
rh4718@nittany.edu,meon7rzi,Robb Hegmann,18,F,PHYS,608 North Addison St. ,46181
vt8578@nittany.edu,sls2audw,Victoria Toy II,18,M,STAT,860 Wakehurst Dr. ,6026
lu6872@nittany.edu,ptc0b1y3,Lysanne Ullrich,19,M,EE,358 Marvon Ave. ,90017
lb6520@nittany.edu,95zc0rwz,Loma Becker PhD,22,M,STAT,285 Dogwood Drive ,62530
kb6941@nittany.edu,zuqm5kpu,Karson Bashirian MD,22,M,CSE,7529 Old Sunset Road ,60043
rv5469@nittany.edu,xwdu18y9,Rose Veum,19,M,CSE,308 Mammoth Dr. ,30215
ml7975@nittany.edu,oamszhnw,Miss Lora Will,22,F,CMPSC,185 E. Trenton Street ,33936
mj4880@nittany.edu,5ocovp3j,Mrs. Joanny Legros,22,M,CMPSC,26 Johnson St. ,52216
jf9661@nittany.edu,f9se8wwm,Josefina Frami,19,F,EE,8985 Cambridge Ave. ,72176
lt8366@nittany.edu,fws0qxaz,Luisa Turcotte,19,F,STAT,7450 West Manchester Street ,83815
js7099@nittany.edu,kyknbv85,Jace Swift,19,M,MATH,285 Dogwood Drive ,47959
rf2661@nittany.edu,1dig79sf,Rae Feil,22,M,IST,285 Dogwood Drive ,60474
js8165@nittany.edu,nq4112q9,Joanny Stracke,20,F,EE,608 North Addison St. ,30701
kk3115@nittany.edu,sgdlqet1,Kailyn Kassulke V,20,M,CMPSC,9498 Newport Ave. ,50634
mr4635@nittany.edu,k6uyidbm,Ms. Raoul Lang,22,F,CMPSC,88 Harrison Street ,80631
ve8889@nittany.edu,mk737jwg,Vella Ernser,19,F,CMPEN,798 North Euclid Drive ,6785
ml3983@nittany.edu,u9x7dz70,Ms. Lori Luettgen,22,F,CMPEN,91 S. Gartner Street ,47940
ld8065@nittany.edu,609akvrd,Lucienne Dicki MD,21,F,ECON,963 Court Road ,72513
jk4403@nittany.edu,94qak42y,Jared Kunde,18,M,STAT,88 Harrison Street ,46760
in2805@nittany.edu,41gfy1ej,Isabel Nader,21,M,IST,6 Andover Dr. ,52341
pb8346@nittany.edu,skf5ui3q,Patsy Beer,20,M,PHYS,266 Second Street ,31623
rf1782@nittany.edu,dok8nl9x,Rosendo Friesen,20,F,CSE,9236 El Dorado St. ,32024
mn6721@nittany.edu,1vfo45w7,Miss Nikki Kassulke,22,M,PHYS,8131 Elizabeth Ave. ,30275
sm6043@nittany.edu,49xkwq6n,Savannah Maggio,20,M,CMPEN,120 Heritage Lane ,34491
lj2224@nittany.edu,f2hkrocp,Lucinda Jakubowski,21,M,EE,185 E. Trenton Street ,33763
wr3515@nittany.edu,f2ey91az,Wilfred Runolfsson,20,F,EE,639 Princeton Rd. ,60653
wl5243@nittany.edu,ij8sdkw9,Wilma Legros,20,F,CSE,63 Lake Forest Road ,61377
jr8665@nittany.edu,xmiiavzz,Julie Rice,19,M,CMPEN,336 Myrtle Street ,94041
ns1210@nittany.edu,4wks1yn1,Nettie Schowalter,21,M,ECON,182 Spring Street ,30034
ms6173@nittany.edu,66krk2ow,Mr. Shanny Haag,18,M,ECON,9420 Tallwood Street ,31630
na8379@nittany.edu,8tayuxnr,Newton Ankunding,18,F,DS,495 Jockey Hollow Ave. ,72126
ls6337@nittany.edu,hrj3gm5t,Loyal Schamberger,21,F,EE,63 Lake Forest Road ,46148
sm9645@nittany.edu,06f3jir4,Simone Mayert,18,M,STAT,8687 N. Sleepy Hollow Court ,95709
rr8243@nittany.edu,euho4xy8,Roger Roob,18,F,PHYS,798 North Euclid Drive ,19936
lw4369@nittany.edu,l2c6cn16,Logan Wolf,20,M,IST,798 North Euclid Drive ,81024
il3541@nittany.edu,01idi3cu,Isaiah Lakin,19,F,EE,120 Heritage Lane ,52254
mg8505@nittany.edu,kz3zir6z,Miss Giovani Fisher,21,M,CMPSC,259 Cleveland Road ,66058
mo1186@nittany.edu,ginqor0y,Muriel Orn Jr.,19,F,MATH,91 S. Gartner Street ,33001
pw1726@nittany.edu,to134xcj,Pinkie Wilkinson,21,F,STAT,119 Harvey Street ,32708
lm6031@nittany.edu,lmddz47s,Lenny Mante,22,F,ECON,7 Arch Court ,6883
mj6359@nittany.edu,zlergoka,Mr. Jaylin Kautzer,21,M,IST,91 S. Gartner Street ,30104
pc8832@nittany.edu,g6gquwns,Pearlie Connelly,22,M,PHYS,358 Marvon Ave. ,61919
mf8214@nittany.edu,byrmhkrc,Michaela Frami,18,F,IST,8687 N. Sleepy Hollow Court ,83283
jb5052@nittany.edu,79r2lk38,Johnny Breitenberg I,18,F,CMPSC,88 Harrison Street ,47841
ma8938@nittany.edu,v8a0upa6,Ms. Adah Bode,18,M,CSE,7313 Stillwater Lane ,83622
lf4727@nittany.edu,r5ewbudh,Lysanne Frami,19,M,PHYS,798 North Euclid Drive ,31567
jh1874@nittany.edu,8d3tdd6n,Jonathon Huel,22,M,EE,9659 Rosewood Drive ,30720
rb6281@nittany.edu,6j8qtf9g,Reva Bayer,18,F,CSE,655 East Branch Dr. ,80453
mr5864@nittany.edu,9tc1sf4b,Ms. Raina Schmidt,22,F,CSE,655 East Branch Dr. ,93455
ml6213@nittany.edu,kv6p91kt,Marco Larson,20,M,PHYS,608 North Addison St. ,93207
mk7773@nittany.edu,bisj7cvm,Mr. Kelton Kertzmann,21,F,PHYS,9659 Rosewood Drive ,62035
nc8172@nittany.edu,b09izvbz,Nicolas Cummerata,19,F,STAT,6 Andover Dr. ,80457
mj5914@nittany.edu,n4v8hqyq,Mrs. Joannie Dibbert,21,F,IST,7450 West Manchester Street ,60503
me2148@nittany.edu,qmpyhkgz,Mallie Eichmann,20,M,STAT,4 Old Academy Drive ,81248
mk8847@nittany.edu,4zfuvuep,Mr. Keyshawn Cassin,18,M,PHYS,141 Gulf Rd. ,80720
my3786@nittany.edu,ixfwzeh2,Miss Yolanda Pfannerstill,22,M,CMPEN,182 Spring Street ,52588
jm3669@nittany.edu,fhsc0rqw,Jensen McDermott,18,M,EE,7195 North Canterbury Circle ,61323
uf7067@nittany.edu,yohr8drf,Ursula Fadel,22,F,MATH,185 E. Trenton Street ,83316
mr2575@nittany.edu,dud61mbj,Madeline Renner,20,M,DS,860 Wakehurst Dr. ,62065
mb3709@nittany.edu,yqz5bgrm,Mac Bailey,18,F,CHEM,232 W. Homewood Ave. ,80721
jk4409@nittany.edu,dngxq5hi,Jakob Kuvalis,18,F,IST,266 Second Street ,62053
ys9174@nittany.edu,n5bplqw8,Yadira Schinner,18,M,CSE,88 Harrison Street ,52052
rf1538@nittany.edu,3phvh9ch,Roxanne Fritsch,22,M,CMPSC,18 Lakeview Street ,95699
no6118@nittany.edu,yko7qfpk,Nicolas O'Reilly,19,M,CSE,7529 Old Sunset Road ,95682
lc4994@nittany.edu,zl5y07yb,Lisette Connelly,19,F,IST,63 Lake Forest Road ,80836
oh8195@nittany.edu,xa4qupgs,Orrin Herman IV,22,M,ECON,9420 Tallwood Street ,32509
jc2471@nittany.edu,smelkveu,Jewel Cole,22,F,IST,7195 North Canterbury Circle ,50857
mm3162@nittany.edu,qfnrr7q6,Mariam Mills,19,F,CMPEN,461 Heather Street ,81067
jh7997@nittany.edu,e44gixtz,Jasen Hand,19,M,DS,963 Court Road ,96818
ik6824@nittany.edu,wd6c5b8t,Irwin Kreiger,20,M,DS,7297 Applegate St. ,91950
tk5748@nittany.edu,lcxh50pn,Thurman Kessler,21,F,DS,963 Court Road ,60515
ts1830@nittany.edu,ilnv4fc7,Tobin Schinner PhD,21,M,EE,7764 Union Avenue ,94305
kr6619@nittany.edu,nejwj0g9,Karen Ritchie,20,M,DS,78 South Brewery Ave. ,85615
rk2653@nittany.edu,fbcoyeuk,Robert Krajcik,19,F,PHYS,708 York Dr. ,47558
sg4622@nittany.edu,jau0vvp1,Sophia Graham,21,M,CMPEN,232 W. Homewood Ave. ,62841
jl3236@nittany.edu,ekgc03iz,Judson Lubowitz,21,F,DS,461 Heather Street ,6762
kh1826@nittany.edu,r6lql7ka,Kelly Harber,19,F,IST,78 South Brewery Ave. ,50560
me2596@nittany.edu,du07mr15,Mr. Elliott Gibson,18,F,DS,8687 N. Sleepy Hollow Court ,94933
jl9851@nittany.edu,avrak6tf,Johnnie Little,19,M,IST,358 Marvon Ave. ,47385
sw7724@nittany.edu,genhnfwu,Stephany Weissnat,18,F,PHYS,7130 Longfellow Dr. ,51007
kh5883@nittany.edu,297q8crc,Kiley Howe,20,M,CMPSC,963 Court Road ,50120
mn2842@nittany.edu,mvoktbee,Mariana Nicolas Jr.,19,F,CHEM,78 South Brewery Ave. ,32951
mt7911@nittany.edu,u61545ij,Mr. Therese Sauer,18,M,STAT,780 East Redwood Drive ,30206
pf6936@nittany.edu,voqefyok,Pedro Fadel,20,F,CMPEN,8687 N. Sleepy Hollow Court ,93925
mc8336@nittany.edu,e59cih6r,Mafalda Cremin,19,M,EE,639 Princeton Rd. ,83627
mv1311@nittany.edu,fw1vmu6d,Mrs. Vesta Aufderhar,21,F,CHEM,8401 Green Rd. ,50027
kk2666@nittany.edu,59hg8iiw,Kari Kunze,22,M,CMPSC,63 Lake Forest Road ,52550
ok7520@nittany.edu,sv6m90rj,Otis Kirlin,20,M,ECON,608 North Addison St. ,86545
mt3151@nittany.edu,nruazyy2,Miss Tianna Beatty,21,F,DS,285 Dogwood Drive ,52751
lb8326@nittany.edu,0384qogi,Laurel Bogan,21,F,CHEM,9408 Anderson Court ,94938
lh1031@nittany.edu,9wsxm9n2,Lane Hilpert,20,M,STAT,6 Andover Dr. ,93553
mn1239@nittany.edu,2s38fy1y,Mertie Nicolas,22,F,CHEM,655 East Branch Dr. ,32656
ka1472@nittany.edu,2vicyb49,Karley Abbott Sr.,20,F,ECON,232 W. Homewood Ave. ,31016
tt1799@nittany.edu,v08qy7ak,Tremaine Turcotte III,21,M,CMPSC,7450 West Manchester Street ,72103
mr5565@nittany.edu,atpig6cx,Maci Runolfsson,21,F,IST,461 Heather Street ,81501
ma6036@nittany.edu,ohnzfbua,Miss Aurore Jacobi,18,M,IST,461 Heather Street ,93242
mr9406@nittany.edu,0ofwccee,Ms. Reuben Donnelly,19,M,CHEM,361 E. Sierra Street ,46118
os4077@nittany.edu,rbm7nj0l,Oren Simonis MD,19,F,CSE,18 Lakeview Street ,80924
mi6642@nittany.edu,l6qnsfh8,Miss Isabell Corwin,18,F,MATH,780 East Redwood Drive ,32204
mj1523@nittany.edu,kl1qwhlb,Misty Jenkins,22,F,CMPEN,185 E. Trenton Street ,85201
pw7815@nittany.edu,yxkcwdgq,Priscilla White,20,M,CSE,18 Lakeview Street ,52747
jo5683@nittany.edu,e83hpu1t,Jules Oberbrunner,21,F,IST,708 York Dr. ,52728
kl1348@nittany.edu,8wb1rxkk,King Lebsack,18,F,STAT,251 West Sheffield Drive ,31906
ns2358@nittany.edu,vhqlpsxm,Naomie Sporer,21,F,EE,461 Heather Street ,50116
vr4622@nittany.edu,x1pcj1lj,Vladimir Reichert,19,M,MATH,7529 Old Sunset Road ,32359
mk1572@nittany.edu,0mw55wlu,Milford Koepp,20,M,STAT,9659 Rosewood Drive ,93260
ts5040@nittany.edu,nu5j89vv,Trent Schamberger,22,M,IST,8687 N. Sleepy Hollow Court ,96038
mj1117@nittany.edu,b7vlqf67,Meredith Jenkins,20,F,MATH,119 Harvey Street ,51555
kp5214@nittany.edu,7ju36d6x,Kaci Parker,20,F,MATH,608 North Addison St. ,85706
me4221@nittany.edu,3bo30fmd,Macey Emmerich,20,F,PHYS,9408 Anderson Court ,32626
lh8743@nittany.edu,7w0nvvdk,Lambert Hermiston,20,F,DS,63 Lake Forest Road ,52335
ka6770@nittany.edu,zueofsd7,Kale Ankunding,19,M,CMPEN,963 Court Road ,50254
wa5135@nittany.edu,w243ok57,Wiley Anderson,18,F,DS,9236 El Dorado St. ,33924
la7071@nittany.edu,vbh4oyvh,Liam Adams,20,M,CHEM,185 E. Trenton Street ,32968
kl9753@nittany.edu,cv1y6th1,Kaci Lynch,19,F,IST,141 Gulf Rd. ,32607
jh3336@nittany.edu,s3hc5no3,Jett Hamill,21,F,CHEM,8378 West Pulaski Ave. ,31823
sb1972@nittany.edu,j7r0a57m,Simone Brekke,19,M,CHEM,308 Mammoth Dr. ,39845
kb3574@nittany.edu,rra42qn8,Keshaun Bailey DDS,18,F,DS,608 North Addison St. ,85381
lv3076@nittany.edu,v7zygrtm,Lavon VonRueden,22,F,CHEM,8378 West Pulaski Ave. ,81023
mt4811@nittany.edu,wsm19ofu,Max Trantow,21,M,CMPEN,7764 Union Avenue ,83254
zp7831@nittany.edu,d3dgrdyb,Zetta Predovic,20,F,CSE,8401 Green Rd. ,67801
mr1020@nittany.edu,7parpwv4,Meredith Runolfsdottir,21,F,IST,119 Harvey Street ,91763
ws6593@nittany.edu,teicrr0i,Westley Smith,21,F,ECON,120 Heritage Lane ,32162
lw8769@nittany.edu,4zg52bmc,Laura Windler,22,F,DS,7450 West Manchester Street ,47868
ms6765@nittany.edu,r5rdlt3p,Mrs. Shaylee Grady,22,F,MATH,232 W. Homewood Ave. ,51026
mj9606@nittany.edu,hqz70t65,Modesto Jast,22,M,CMPSC,232 W. Homewood Ave. ,80442
jc4011@nittany.edu,eo12cwf1,Jayson Conroy,20,M,CHEM,91 S. Gartner Street ,93722
mj5224@nittany.edu,1ugb9cmy,Maia Jaskolski,20,F,CMPSC,63 Lake Forest Road ,52228
jz6925@nittany.edu,k5yvaa0l,Jeramie Zieme,18,F,PHYS,182 Spring Street ,33521
vo6259@nittany.edu,2bydpo29,Vergie Olson I,19,F,CMPEN,655 East Branch Dr. ,66748
ks3998@nittany.edu,rhxt4g5n,Katarina Stroman,20,F,STAT,8401 Green Rd. ,50167
mt3231@nittany.edu,exvtqnja,Mr. Tyra Kertzmann,18,F,CSE,8378 West Pulaski Ave. ,46704
ws8716@nittany.edu,zypbenkp,Wilhelm Schroeder,20,M,CMPSC,141 Gulf Rd. ,62907
md7627@nittany.edu,uv6lyhx1,Mrs. Darren Stokes,20,F,CMPEN,141 Gulf Rd. ,72828
th2610@nittany.edu,h9on7qnt,Tiffany Hintz,18,M,ECON,798 North Euclid Drive ,30004
mh8661@nittany.edu,62pu6wfu,Meggie Heaney,18,M,STAT,6 Andover Dr. ,33744
vk8864@nittany.edu,651y3i92,Valentin Koch,21,M,ECON,6 Andover Dr. ,71865
mh3437@nittany.edu,un370oka,Magnolia Hauck,21,M,ECON,251 West Sheffield Drive ,20037
ww9231@nittany.edu,kj60tdn2,Willy Witting,21,F,MATH,453 North Elm Dr. ,67625
mk1676@nittany.edu,85455s3q,Mertie Kessler,18,M,MATH,7529 Old Sunset Road ,85029
ub9586@nittany.edu,x506uggh,Ubaldo Brakus,19,F,IST,26 Johnson St. ,80914
lh6961@nittany.edu,v3gdwdc5,Lorenza Herzog,19,M,CSE,4 Old Academy Drive ,61320
kf5693@nittany.edu,kugxq36s,Kassandra Feeney,18,M,IST,639 Princeton Rd. ,52041
sb2082@nittany.edu,wxsmyx7m,Sarina Brakus,21,M,IST,358 Marvon Ave. ,95350
mn2870@nittany.edu,jp6g9t7o,Ms. Novella Leannon,19,M,MATH,26 Johnson St. ,85924
ug5112@nittany.edu,dxkepcty,Ulices Greenholt,22,F,CMPSC,863 Stillwater Road ,93226
tk1529@nittany.edu,qecf5aq9,Trisha Kutch,20,M,IST,708 York Dr. ,62294
ib2806@nittany.edu,uua3sa2w,Isadore Bednar,19,M,CMPEN,9408 Anderson Court ,6114
os7226@nittany.edu,mjn5h1ar,Oda Satterfield III,18,M,CMPSC,55 Hall St. ,32065
ne9599@nittany.edu,zyidgkic,Niko Effertz,19,M,IST,26 Johnson St. ,61605
vg5084@nittany.edu,mngwzy70,Vivian Grady,20,M,ECON,608 North Addison St. ,52336
mr5670@nittany.edu,64l3koc2,Mr. Rashad Haley,18,M,CMPEN,63 Lake Forest Road ,95841
km6416@nittany.edu,ogioyglf,Kyler Marvin,22,F,EE,336 Myrtle Street ,30734
sj7472@nittany.edu,s90gbel7,Sarai Jakubowski,22,M,PHYS,9420 Tallwood Street ,52202
wr1679@nittany.edu,aqiwjran,Wilfrid Rath,21,M,CMPSC,9420 Tallwood Street ,83354
mr8602@nittany.edu,wdej56s0,Mr. Rosario Breitenberg,21,F,CHEM,7 Arch Court ,67144
ma8046@nittany.edu,a771edmk,Miss Alayna Simonis,18,M,ECON,7764 Union Avenue ,51631
mg1007@nittany.edu,0chfsvgv,Melissa Green,22,F,CHEM,9236 El Dorado St. ,72959
lh3004@nittany.edu,yc5lx7ko,Lauryn Hayes,19,F,PHYS,78 South Brewery Ave. ,92595
zr6066@nittany.edu,ox4oj6bk,Zachariah Ritchie,19,M,PHYS,7764 Union Avenue ,32835
jg5906@nittany.edu,ur67r649,Jayde Gutkowski,21,F,PHYS,863 Stillwater Road ,33165
ok5696@nittany.edu,w4lw74bb,Oral Kozey,21,M,PHYS,78 South Brewery Ave. ,93013
mw5391@nittany.edu,gw0fvr67,Michael Weber,20,F,CHEM,285 Dogwood Drive ,95606
sm5970@nittany.edu,vxoiplyk,Skyla Maggio,22,M,CSE,780 East Redwood Drive ,62049
mn6897@nittany.edu,v0ao01h6,Ms. Nickolas Stoltenberg,22,M,CMPSC,8401 Green Rd. ,60410
rm8553@nittany.edu,hvp8c1pa,Rosanna Mayer,19,F,ECON,8131 Elizabeth Ave. ,6070
jl5459@nittany.edu,0plitcjo,Jaiden Little,19,M,CSE,185 E. Trenton Street ,72856
ml1743@nittany.edu,y5vg4l0f,Ms. Lindsay Trantow,18,F,DS,9659 Rosewood Drive ,80612
ph1773@nittany.edu,ri2ema2v,Pierce Hettinger,21,F,CSE,798 North Euclid Drive ,72434
ma8953@nittany.edu,c4mxuuqi,Mr. Alexandria Graham,18,M,CHEM,55 Hall St. ,46771
pp2997@nittany.edu,o1fefu43,Pearlie Purdy,19,F,ECON,639 Princeton Rd. ,96120
vk7408@nittany.edu,ids1tqkg,Vada Kerluke,20,M,STAT,780 East Redwood Drive ,51572
ro9937@nittany.edu,ekfvrwnv,Raymond Oberbrunner Sr.,20,M,EE,308 Mammoth Dr. ,80477
tf2405@nittany.edu,bbub3bn6,Tess Farrell,18,M,STAT,495 Jockey Hollow Ave. ,6078
pm3642@nittany.edu,5jaf22em,Providenci Mitchell,21,M,PHYS,9236 El Dorado St. ,72206
kr9949@nittany.edu,4l677h7b,Kaci Runolfsdottir,21,F,STAT,7 Arch Court ,86033
mt2086@nittany.edu,lugv35xs,Mr. Tyshawn Rice,18,F,CHEM,63 Lake Forest Road ,94102
tw6502@nittany.edu,v8vwyn9u,Tremaine Williamson DDS,20,F,ECON,259 Cleveland Road ,72553
ol7450@nittany.edu,sjh2j7al,Ova Legros,19,F,ECON,120 Heritage Lane ,50430
jw6319@nittany.edu,7b5mmk0k,Jasen Walker IV,22,F,CMPSC,87 Vermont St. ,72553
ok8829@nittany.edu,0mtlfueb,Orie Kunde,21,F,EE,88 Harrison Street ,81650
ps1087@nittany.edu,0btsy90l,Pablo Shields,18,M,MATH,251 West Sheffield Drive ,33455
mp7952@nittany.edu,yvw13vva,Mrs. Paolo Runolfsdottir,20,F,MATH,259 Cleveland Road ,81624
sm5549@nittany.edu,4ubv2rui,Stuart Murray,21,M,IST,7450 West Manchester Street ,91948
td2477@nittany.edu,jqnrvtrh,Timothy Dibbert V,20,M,MATH,7297 Applegate St. ,80863
sm8842@nittany.edu,evr5of46,Shania Mayer II,18,M,PHYS,8985 Cambridge Ave. ,80498
jp5962@nittany.edu,glomie2r,Jolie Pagac,20,M,ECON,461 Heather Street ,50212
mg1791@nittany.edu,97wpdce3,Miss Garfield Considine,18,M,CMPSC,361 E. Sierra Street ,90210
sg1979@nittany.edu,l1gmkdot,Stephania Gusikowski,19,M,PHYS,358 Marvon Ave. ,46048
lo3428@nittany.edu,2egyxxlf,Lauretta Ortiz,19,M,PHYS,780 East Redwood Drive ,33158
ml7753@nittany.edu,njqkhbk1,Ms. Luisa Hackett,21,F,CMPEN,182 Spring Street ,96863
js3927@nittany.edu,9omxaej6,Jarrett Strosin,19,M,CMPSC,358 Marvon Ave. ,51006
me9897@nittany.edu,wlbwyq0u,Miss Erika Champlin,21,M,EE,55 Hall St. ,46992
mb5390@nittany.edu,x55rpyay,Ms. Broderick Rosenbaum,20,F,STAT,8687 N. Sleepy Hollow Court ,96073
sg4417@nittany.edu,uspynxlx,Sage Gottlieb,22,F,STAT,91 S. Gartner Street ,46740
lt7103@nittany.edu,du9dnihl,Laverne Toy,21,M,IST,26 Johnson St. ,61333
pt3035@nittany.edu,lygiglih,Piper Turner,18,M,ECON,3 North Linden Ave. ,6804
wc1418@nittany.edu,7pvgb1zz,Wilhelm Cremin DDS,19,F,CMPEN,963 Court Road ,83706
mm2047@nittany.edu,v4zb3jgz,Miss Marcella Corkery,19,M,ECON,9599 La Sierra St. ,72908
ma4242@nittany.edu,jvu0nzlk,Mr. Amely Brown,20,M,PHYS,7764 Union Avenue ,83839
jn3590@nittany.edu,qb44g4dk,Jensen Nitzsche,22,F,ECON,266 Second Street ,83254
mh4972@nittany.edu,2n5005op,Miss Harmony Smitham,22,F,CMPSC,285 Dogwood Drive ,33157
jh3004@nittany.edu,t4lokykc,Jordan Hilpert,19,M,ECON,9599 La Sierra St. ,71933
sp7638@nittany.edu,fsrrus7y,Shea Pacocha,21,M,EE,9599 La Sierra St. ,60619
vn4576@nittany.edu,vv66g921,Vivienne Nolan,18,M,ECON,259 Cleveland Road ,93669
mj2446@nittany.edu,ucjic0w9,Mr. Jamie Rolfson,19,M,CMPEN,308 Mammoth Dr. ,62671
mh9005@nittany.edu,k6oyux03,Mollie Hegmann,20,M,CMPEN,3 North Linden Ave. ,30683
mp5777@nittany.edu,michr3i2,Mariano Price,19,F,DS,863 Stillwater Road ,61256
mj1886@nittany.edu,5n7v2kpx,Mrs. Jamarcus Hintz,22,F,IST,78 South Brewery Ave. ,34683
mp5980@nittany.edu,b0ik492k,Mrs. Pedro Hyatt,18,M,CMPSC,87 Vermont St. ,95922
mr7087@nittany.edu,k0nmx856,Mr. Rebeca Zieme,20,F,STAT,8687 N. Sleepy Hollow Court ,91361
kk1267@nittany.edu,erpw7yc1,Kamren Keebler,21,M,CMPEN,863 Stillwater Road ,47863
jm7206@nittany.edu,t3cc9z99,Jaden Mayer,22,F,DS,185 E. Trenton Street ,72082
mm8916@nittany.edu,zhficzyu,Mrs. Murphy Torp,18,M,CMPEN,141 Gulf Rd. ,61863
jr1301@nittany.edu,kbpsbr3f,Jamie Reilly,20,F,EE,7130 Longfellow Dr. ,72438
rq8420@nittany.edu,18039p3n,Russell Quitzon,18,M,MATH,963 Court Road ,93452
tf8025@nittany.edu,5pvjbo7e,Tyrell Fay,21,F,EE,285 Dogwood Drive ,33407
ob6043@nittany.edu,ktfuzxp9,Osvaldo Bogan,21,M,CMPEN,7130 Longfellow Dr. ,52305
jd3188@nittany.edu,9q2thys7,Jerrold Dicki,20,M,ECON,83 Corona Street ,61041
nb5135@nittany.edu,0nzzhtfv,Napoleon Boyer,21,M,CMPSC,7 Arch Court ,62207
js4888@nittany.edu,j3od3n4p,Jolie Smitham,22,F,CMPEN,453 North Elm Dr. ,34237
mt1283@nittany.edu,hol7b2mw,Mrs. Trevor Brown,18,M,PHYS,7130 Longfellow Dr. ,31058
tb4699@nittany.edu,f27vzunk,Tara Berge IV,19,M,CHEM,182 Spring Street ,62526
jf5072@nittany.edu,s0ar4vzh,Jaylen Feil,18,F,PHYS,8401 Green Rd. ,96109
mj8109@nittany.edu,xoiyx6kc,Mrs. Jaleel Runolfsson,20,F,DS,8131 Elizabeth Ave. ,51346
sl8096@nittany.edu,yf61naw6,Stefanie Legros,18,F,ECON,63 Lake Forest Road ,72522
wg1476@nittany.edu,wbaj93jd,Will Gusikowski,18,F,CHEM,860 Wakehurst Dr. ,31314
lb1184@nittany.edu,dot0tf8n,Lauren Bahringer PhD,18,F,DS,78 South Brewery Ave. ,31560
kw1043@nittany.edu,gyuo6s68,Kari Weber,21,F,STAT,963 Court Road ,47581
ld4137@nittany.edu,fsj3c1kx,Leola DuBuque Sr.,21,F,CMPEN,495 Jockey Hollow Ave. ,92883
nb2686@nittany.edu,t3tb56et,Neva Berge,22,M,MATH,8131 Elizabeth Ave. ,51571
rk8121@nittany.edu,nqr175z6,Rupert Kemmer,21,M,CHEM,9408 Anderson Court ,71859
vp6083@nittany.edu,1ud2uqwt,Vicenta Prosacco,22,F,CMPEN,655 East Branch Dr. ,95527
mb7672@nittany.edu,vf1lz76e,Mr. Braulio Schultz,18,F,MATH,63 Lake Forest Road ,19941
rh9618@nittany.edu,l4kd44ir,Rubie Harvey,19,M,STAT,9236 El Dorado St. ,61871
lw7685@nittany.edu,7m8mr0xn,Levi Willms,18,M,MATH,7764 Union Avenue ,92321
me6698@nittany.edu,ffb2ht7r,Mckayla Eichmann,22,F,MATH,120 Heritage Lane ,51350
mp7693@nittany.edu,o3dr5v73,Marjory Pfeffer,20,M,PHYS,9236 El Dorado St. ,52728
us6442@nittany.edu,l35tyonq,Una Stark PhD,21,M,STAT,358 Marvon Ave. ,30082
ma9983@nittany.edu,yd06ojzw,Miss Adolfo Lesch,21,F,CSE,358 Marvon Ave. ,33442
mk7105@nittany.edu,324dzpe5,Marisol Konopelski,22,M,MATH,7529 Old Sunset Road ,60408
ma3822@nittany.edu,puhwjytc,Ms. Adrianna Hahn,18,M,STAT,639 Princeton Rd. ,51010
vy1999@nittany.edu,4dd4cw3t,Verner Yundt,22,F,EE,141 Gulf Rd. ,60475
lw8160@nittany.edu,psuozril,Lionel West,19,M,IST,26 Johnson St. ,93531
nm4783@nittany.edu,iy1zte43,Noah Moore,20,F,PHYS,8985 Cambridge Ave. ,71730
nb4212@nittany.edu,t317pzht,Nestor Baumbach PhD,22,F,CHEM,87 Vermont St. ,60503
ms9882@nittany.edu,ap6zwdg6,Marisa Schaden,19,F,PHYS,7130 Longfellow Dr. ,47453
mk2377@nittany.edu,m7rl0est,Miracle Kerluke,18,F,ECON,7297 Applegate St. ,62002
rw1366@nittany.edu,wzrfyu4b,Roxane Watsica,19,M,MATH,3 North Linden Ave. ,71913
mr5319@nittany.edu,boobfpsc,Marianna Runolfsdottir,18,F,STAT,141 Gulf Rd. ,93950
kz9097@nittany.edu,93fazlav,Kaylah Zieme,20,F,CMPEN,639 Princeton Rd. ,6016
ml7288@nittany.edu,8u9m3vy0,Marques Langworth,21,F,ECON,120 Heritage Lane ,95237
jd5932@nittany.edu,hm6f5dki,Jayson Doyle,19,F,CSE,655 East Branch Dr. ,34442
lk1182@nittany.edu,i86a0wes,Lexie Kuphal,21,M,CMPEN,9236 El Dorado St. ,92672
jk1331@nittany.edu,9xsuk73g,Jedediah Koch,20,M,DS,7297 Applegate St. ,95492
jw9436@nittany.edu,vzbjdv3k,Josue Weber,20,M,MATH,4 Old Academy Drive ,72201
zw5425@nittany.edu,azwrgwfc,Zane Wunsch III,19,F,ECON,8131 Elizabeth Ave. ,72031
jk5021@nittany.edu,mok0ne4f,Juana Kris MD,21,M,CMPEN,18 Lakeview Street ,60448
mn1003@nittany.edu,9w0dzvox,Mr. Nicole Raynor,22,F,PHYS,3 North Linden Ave. ,81430
ph8799@nittany.edu,vi91ma60,Patience Hackett,22,M,IST,9420 Tallwood Street ,95816
jl8774@nittany.edu,cort4ur0,Jessy Leannon,19,F,PHYS,7 Arch Court ,93664
mj7408@nittany.edu,n1dy26kb,Mattie Jerde,21,F,PHYS,7195 North Canterbury Circle ,80122
ns6501@nittany.edu,dolqvilg,Nils Simonis,19,M,EE,8401 Green Rd. ,90241
lr5589@nittany.edu,u6hzmqce,Lola Rau,19,F,CHEM,453 North Elm Dr. ,96034
me5409@nittany.edu,h6596pmb,Miss Esperanza Macejkovic,19,M,IST,185 E. Trenton Street ,91702
mc9096@nittany.edu,9e902fh5,Mrs. Ciara Watsica,18,F,DS,461 Heather Street ,31789
jk4116@nittany.edu,tc7wzen5,Jeramy Kessler,19,F,EE,9498 Newport Ave. ,50439
kb9285@nittany.edu,bb20e3eo,Kim Brown,22,F,MATH,182 Spring Street ,93624
kq6968@nittany.edu,ncauyhl8,Kiley Quitzon,19,M,MATH,860 Wakehurst Dr. ,66418
mj6957@nittany.edu,50ios7oc,Miss Jaeden Wehner,18,F,CHEM,6 Andover Dr. ,30233
tp4444@nittany.edu,7xngmflx,Trenton Price,22,F,CHEM,185 E. Trenton Street ,80498
me6706@nittany.edu,koq3w7uq,Mrs. Elvie Langosh,22,M,MATH,91 S. Gartner Street ,61091
kb8171@nittany.edu,qaim4nyr,Kyler Becker,19,F,PHYS,9408 Anderson Court ,66732
sr6321@nittany.edu,y8ctfvas,Selmer Romaguera V,18,M,IST,185 E. Trenton Street ,61364
jh1737@nittany.edu,r3fjawr3,Jedediah Hahn,18,M,DS,7195 North Canterbury Circle ,33068
sp1616@nittany.edu,ml2h208b,Sedrick Prosacco,22,M,PHYS,8985 Cambridge Ave. ,51652
pm4249@nittany.edu,7lkh0drk,Phoebe Murazik I,19,F,DS,285 Dogwood Drive ,62987
tl1139@nittany.edu,aw578ax6,Turner Leffler,21,F,CSE,453 North Elm Dr. ,81001
im1645@nittany.edu,9fxd7jbx,Izabella Murphy,21,M,PHYS,7 Arch Court ,60920
sd6073@nittany.edu,h4s07rdo,Spencer Doyle,18,M,ECON,860 Wakehurst Dr. ,31709
po7371@nittany.edu,ip7d5auz,Penelope Okuneva,21,M,MATH,55 Hall St. ,50633
wo4044@nittany.edu,763l3i7c,Wilburn O'Reilly Jr.,20,M,DS,91 S. Gartner Street ,62976
mc4662@nittany.edu,29h5hyri,Mr. Citlalli Kirlin,20,M,CSE,9408 Anderson Court ,32117
mm9624@nittany.edu,qn3gf4jy,Mossie Marks,18,M,IST,182 Spring Street ,19707
nb6183@nittany.edu,0st9amrk,Ned Bechtelar,22,F,STAT,232 W. Homewood Ave. ,51445
mm4674@nittany.edu,g7du1ojo,Miss Mireya Dach,21,F,EE,88 Harrison Street ,93513
vh5298@nittany.edu,xq61mjeu,Virginia Hoppe,18,M,CMPEN,336 Myrtle Street ,34450
mi2648@nittany.edu,m8xeqokb,Miss Idell McLaughlin,22,M,STAT,7130 Longfellow Dr. ,83285
js3229@nittany.edu,e96c7keo,Janet Streich,19,F,MATH,266 Second Street ,72567
mt2801@nittany.edu,bo0jngmw,Martina Trantow,20,M,MATH,336 Myrtle Street ,30752
oh9599@nittany.edu,f82kxu02,Octavia Hane,19,F,DS,7764 Union Avenue ,47847
jb9306@nittany.edu,v9ssce9g,Jeremy Boyer,20,F,CMPEN,655 East Branch Dr. ,33476
jc1462@nittany.edu,q9d9s6dq,Juana Cronin,21,M,DS,7195 North Canterbury Circle ,47455
ks1926@nittany.edu,sl8woypo,Kane Satterfield,18,F,CHEM,7529 Old Sunset Road ,90001
sb5646@nittany.edu,2vzzya36,Stephon Bernier,22,M,CSE,9599 La Sierra St. ,6469
mr3116@nittany.edu,l9hbj48g,Mr. Rudolph Littel,21,F,IST,9659 Rosewood Drive ,46301
sn9491@nittany.edu,5yi7x0eo,Sonya Nitzsche,20,F,ECON,78 South Brewery Ave. ,61438
mg7684@nittany.edu,rl2cp87v,Mr. Gudrun Dickinson,18,F,CMPEN,8687 N. Sleepy Hollow Court ,46011
or2228@nittany.edu,kvn8iy42,Orland Rau,18,M,CMPEN,9659 Rosewood Drive ,92337
md6611@nittany.edu,vtosgz5l,Mrs. Deanna Wuckert,20,M,CHEM,780 East Redwood Drive ,92267
jk4027@nittany.edu,s5sdwxe9,Jarred Kutch,18,F,CMPSC,3 North Linden Ave. ,81141
kd4323@nittany.edu,ky47f40i,Karine Davis,22,F,CSE,708 York Dr. ,90660
mo4621@nittany.edu,yj2pbwup,Miss Ottilie Dooley,19,M,CMPEN,285 Dogwood Drive ,72821
mg4093@nittany.edu,2ah4ktzw,Miss Guy Nader,21,F,CSE,9236 El Dorado St. ,95463
nm3617@nittany.edu,vlzywpvf,Nikolas Moen,18,F,CSE,9408 Anderson Court ,34232
sr9640@nittany.edu,iplj2xy6,Sydnie Reichert,19,M,CSE,9498 Newport Ave. ,62643
mw6081@nittany.edu,32646od4,Merlin Ward,20,F,PHYS,798 North Euclid Drive ,66860
lt8326@nittany.edu,ey2211w5,Leatha Torp,18,F,CMPSC,8378 West Pulaski Ave. ,33403
mb8575@nittany.edu,sh4xt2bg,Miss Bailee Bogan,19,M,CSE,119 Harvey Street ,83548
sc6597@nittany.edu,l1v69w0t,Stuart Cruickshank,20,M,EE,9599 La Sierra St. ,83836
ma8535@nittany.edu,diy15lsc,Ms. Alice Grady,21,F,STAT,7 Arch Court ,94028
mb5410@nittany.edu,lb72y2as,Madison Beer,18,F,EE,9236 El Dorado St. ,85551
tb1810@nittany.edu,o7e5y5dx,Tremayne Bode,18,M,CMPEN,120 Heritage Lane ,51363
jg7835@nittany.edu,maqpunnl,Jocelyn Gibson,20,F,CMPEN,7450 West Manchester Street ,81133
yc8409@nittany.edu,vq1nni34,Yesenia Cruickshank,18,F,ECON,9498 Newport Ave. ,6413
nl1189@nittany.edu,5aoxsizv,Nedra Langworth DDS,20,F,CMPSC,63 Lake Forest Road ,83336
mg8396@nittany.edu,nxo2mwgf,Miles Gottlieb,20,M,ECON,308 Mammoth Dr. ,33618
ta4214@nittany.edu,mklvq7ae,Tobin Armstrong,19,M,CHEM,78 South Brewery Ave. ,46792
jc9373@nittany.edu,shhpv8p7,Jerome Carroll,22,F,CMPSC,7 Arch Court ,61605
mr3131@nittany.edu,02urjsak,Miss Roger Hermann,21,F,IST,453 North Elm Dr. ,51440
mj9296@nittany.edu,kcu3vjig,Mrs. Jarod Hauck,19,F,STAT,83 Corona Street ,93551
lm8503@nittany.edu,j2sxy242,Lupe McClure V,21,F,IST,88 Harrison Street ,46115
mt6337@nittany.edu,pb0hfa5q,Ms. Tess Volkman,22,M,ECON,336 Myrtle Street ,72542
mo2344@nittany.edu,gx3wwjpy,Marcelle Orn,18,M,PHYS,87 Vermont St. ,34996
ml8317@nittany.edu,ncjwln3k,Madeline Lowe,19,F,CSE,259 Cleveland Road ,33635
mg7641@nittany.edu,dougrd3c,Miss Grayson Pagac,18,M,CMPEN,9659 Rosewood Drive ,33129
ll6444@nittany.edu,okou3evv,Luisa Lynch II,20,F,MATH,7195 North Canterbury Circle ,72717
md1308@nittany.edu,c1tkc0cu,Ms. Donavon Ferry,19,F,PHYS,83 Corona Street ,19902
jd5592@nittany.edu,ctrbgry4,Jalen Dietrich DDS,21,M,PHYS,83 Corona Street ,52802
sk9053@nittany.edu,o1kwtc35,Stella Kohler,18,F,DS,78 South Brewery Ave. ,46407
mt1262@nittany.edu,9pp8rq5t,Mrs. Trisha Flatley,20,M,CMPEN,308 Mammoth Dr. ,92549
mm6682@nittany.edu,scejc8la,Mireya McKenzie,20,F,STAT,7130 Longfellow Dr. ,50648
nw3340@nittany.edu,x6dvvxsz,Nestor Willms,18,M,PHYS,7764 Union Avenue ,95556
td2308@nittany.edu,7t094e9g,Trevor Douglas,18,F,CMPEN,8401 Green Rd. ,72950
jw3297@nittany.edu,cn3jhka6,Jaydon Wolff III,18,F,DS,655 East Branch Dr. ,92618
sp1402@nittany.edu,m5cocubj,Stuart Paucek,18,M,PHYS,26 Johnson St. ,72438
ml5796@nittany.edu,ui580f4n,Maeve Lindgren,21,F,CHEM,63 Lake Forest Road ,62501
kc1302@nittany.edu,v0fgasd7,Keshaun Cremin,22,F,PHYS,78 South Brewery Ave. ,96708
ld9084@nittany.edu,ftqmprpx,Lorenz D'Amore,18,M,CMPEN,361 E. Sierra Street ,19733
oc9232@nittany.edu,xcjcr4fc,Ottis Carter,18,M,CHEM,308 Mammoth Dr. ,31316
ma9716@nittany.edu,9850zhhi,Mr. Abdullah Nienow,22,M,CMPEN,26 Johnson St. ,86403
jh2181@nittany.edu,p90ls52s,Joel Hessel,18,F,ECON,6 Andover Dr. ,81504
md7018@nittany.edu,pczfi6i4,Mrs. Deangelo Larson,18,M,MATH,120 Heritage Lane ,6090
rm1496@nittany.edu,rqgrpbb3,Rey Mayer,21,M,CMPSC,4 Old Academy Drive ,85003
og7528@nittany.edu,o3hihfsr,Osvaldo Goldner,21,M,CSE,863 Stillwater Road ,80624
ma8013@nittany.edu,jc1yhwrz,Miss Archibald Parisian,21,F,PHYS,860 Wakehurst Dr. ,47948
kk5103@nittany.edu,o27khz2d,Kirk Kshlerin,22,F,CHEM,780 East Redwood Drive ,52626
jj6204@nittany.edu,vaklayln,Jude Jakubowski,19,M,IST,251 West Sheffield Drive ,46039
lh7203@nittany.edu,gtmrxd7b,Letitia Haley,19,M,CMPSC,453 North Elm Dr. ,6359
lr4974@nittany.edu,krunxnsj,Lyla Rowe,18,F,PHYS,3 North Linden Ave. ,31747
rr1861@nittany.edu,fcsiw9vb,Reba Rogahn Jr.,18,F,CMPEN,655 East Branch Dr. ,30168
xb9185@nittany.edu,fwja346l,Xzavier Bednar,18,M,CHEM,6 Andover Dr. ,91905
mb2685@nittany.edu,1alls4jn,Madalyn Beahan,22,M,CMPSC,308 Mammoth Dr. ,61344
ms6799@nittany.edu,eivrd0dg,Marquise Sporer,20,M,DS,9408 Anderson Court ,92056
lm1111@nittany.edu,4abor0p0,Lily Mayer,19,M,CSE,780 East Redwood Drive ,51046
ja2479@nittany.edu,i8c51ca7,Johnpaul Adams III,19,M,STAT,8985 Cambridge Ave. ,30054
zo2385@nittany.edu,h2c0hmwx,Zita Okuneva,21,F,IST,708 York Dr. ,62346
lr8600@nittany.edu,ky9az1o3,Leone Rath,20,M,STAT,7450 West Manchester Street ,32445
kt2960@nittany.edu,ciwfk9v0,Kenna Toy,22,F,CHEM,55 Hall St. ,61775
lh7173@nittany.edu,i41crgb3,Lesly Hamill,20,M,PHYS,798 North Euclid Drive ,80487
mj8696@nittany.edu,bubzi73b,Mona Jast,19,F,ECON,8401 Green Rd. ,81321
mo9119@nittany.edu,dg88ili6,Malachi O'Kon Sr.,21,M,CMPSC,266 Second Street ,96734
mr4981@nittany.edu,4y9tpklm,Maryjane Ratke DVM,18,M,MATH,6 Andover Dr. ,30218
rr3451@nittany.edu,mfh91bnj,Rosanna Raynor II,22,F,EE,655 East Branch Dr. ,32079
se2637@nittany.edu,66hclke8,Sydnie Eichmann,18,F,CHEM,78 South Brewery Ave. ,52323
jm7044@nittany.edu,jhdfzk6j,Johan Marquardt,21,M,IST,141 Gulf Rd. ,90004
zg1956@nittany.edu,18ujzopj,Zora Gottlieb,18,F,CHEM,83 Corona Street ,86443
mt7486@nittany.edu,pyhzcqqb,Mr. Terence Barrows,20,M,CHEM,963 Court Road ,32310
kh5965@nittany.edu,6tevyige,Karina Heaney V,20,F,PHYS,461 Heather Street ,32091
rt4621@nittany.edu,7kg2r96n,Rafaela Towne,18,M,CSE,266 Second Street ,6039
jr8895@nittany.edu,86avpeyh,Jonathon Renner,19,F,IST,336 Myrtle Street ,71839
mc3632@nittany.edu,6se8nlut,Marquis Corkery,20,M,DS,8378 West Pulaski Ave. ,47833
oc9673@nittany.edu,xd3o8mxz,Ozella Cremin,21,M,CMPEN,251 West Sheffield Drive ,62288
pp1292@nittany.edu,hni8nv4y,Pattie Pouros,21,F,IST,87 Vermont St. ,67642
sr8161@nittany.edu,o4khshi4,Sylvester Rogahn,20,F,MATH,9408 Anderson Court ,46975
mb3501@nittany.edu,3z92cca8,Madeline Beatty,18,M,CHEM,78 South Brewery Ave. ,33313
mt2330@nittany.edu,9yv3xir1,Mr. Talia Reilly,22,M,STAT,7313 Stillwater Lane ,61955
ss2791@nittany.edu,08i243xw,Sean Schmidt,18,F,CMPEN,8401 Green Rd. ,50130
lt1060@nittany.edu,rfbl7dns,Leopold Torp,18,F,PHYS,91 S. Gartner Street ,83348
mm9332@nittany.edu,532k3czr,Madaline Monahan DVM,21,M,IST,185 E. Trenton Street ,95757
mk2051@nittany.edu,ap25n3ab,Mittie Kuvalis,18,M,STAT,7297 Applegate St. ,92107
jk9270@nittany.edu,1ryphig3,Jamarcus Kutch,19,M,ECON,6 Andover Dr. ,71842
lc9556@nittany.edu,ryeicg8y,Lacey Cremin,22,F,STAT,9599 La Sierra St. ,50034
js1332@nittany.edu,93y7sv9c,Jalen Stanton,21,F,STAT,361 E. Sierra Street ,72469
ss5447@nittany.edu,15xkc9gi,Shaun Schamberger,18,M,STAT,91 S. Gartner Street ,34653
ma2722@nittany.edu,znklaesk,Mrs. Adrain Howe,19,F,IST,9659 Rosewood Drive ,90010
sw9710@nittany.edu,3n0anbkn,Shania Walker V,22,M,ECON,78 South Brewery Ave. ,93401
sm6158@nittany.edu,8ho2ylkn,Shane Mayer,18,M,MATH,8378 West Pulaski Ave. ,72760
ml5064@nittany.edu,xlcl3olo,Mr. Lurline Green,21,M,CMPSC,798 North Euclid Drive ,62803
kh1154@nittany.edu,5v0x2i2u,Kendra Hessel,21,M,STAT,9236 El Dorado St. ,6235
kt5956@nittany.edu,qgxo5n12,Keshaun Terry,20,M,MATH,9408 Anderson Court ,6606
kr9918@nittany.edu,cndejauu,Katelin Rippin DDS,21,M,ECON,608 North Addison St. ,33181
ko8925@nittany.edu,r0wetv5d,Kaia Orn,21,F,PHYS,182 Spring Street ,47025
mf6881@nittany.edu,0o5ugfpb,Marietta Fisher,19,M,ECON,285 Dogwood Drive ,60041
mk4451@nittany.edu,9ibxvx8f,Mrs. Krystal Buckridge,22,M,ECON,251 West Sheffield Drive ,32043
sm5255@nittany.edu,ottq8l4h,Shanna Murray,19,F,ECON,8401 Green Rd. ,61938
rb2832@nittany.edu,u023nh0i,Rodrigo Bins,21,F,PHYS,461 Heather Street ,6754
jr3224@nittany.edu,2pn9hkyw,Jakayla Rogahn,18,F,IST,780 East Redwood Drive ,30470
kt2050@nittany.edu,rxsuefl3,Khalil Tremblay,20,M,DS,18 Lakeview Street ,31094
wd2661@nittany.edu,7p0w4sw8,Woodrow Daugherty,21,F,ECON,453 North Elm Dr. ,95315
rf1975@nittany.edu,937d9lsa,Rosa Fahey,20,F,PHYS,308 Mammoth Dr. ,62943
mn9410@nittany.edu,exkdo0ql,Miss Neoma Pfannerstill,18,F,PHYS,7764 Union Avenue ,32038
sr4229@nittany.edu,421s7hyr,Stella Reichel,18,F,MATH,461 Heather Street ,83654
tm5315@nittany.edu,ybftdlvn,Titus McClure,20,M,ECON,963 Court Road ,33982
ls2077@nittany.edu,zb72v3ys,Leo Schneider,20,M,IST,963 Court Road ,33145
rr4724@nittany.edu,hif5wgha,Rodrick Ratke,18,F,EE,83 Corona Street ,6088
qj6035@nittany.edu,jc5mjn4j,Quinton Johnston,20,M,STAT,336 Myrtle Street ,62254
jp6334@nittany.edu,jtpv3g6o,Justus Prosacco,22,F,CSE,336 Myrtle Street ,81410
ms6805@nittany.edu,2ki3shs0,Madeline Smith,20,M,IST,655 East Branch Dr. ,62355
sm4829@nittany.edu,5cjv882q,Sallie McDermott,18,M,CHEM,9659 Rosewood Drive ,72014
mp8264@nittany.edu,7f94l7s0,Mireya Pouros,22,M,IST,608 North Addison St. ,60450
md9837@nittany.edu,b72x34cx,Mrs. Daryl Beier,21,M,STAT,495 Jockey Hollow Ave. ,61484
mc9587@nittany.edu,o7rl1udy,Marisol Crona,18,F,CHEM,7195 North Canterbury Circle ,31216
wa5127@nittany.edu,h7waj302,Wava Anderson IV,18,M,DS,141 Gulf Rd. ,47725
mp8748@nittany.edu,pxfwcqxb,Miss Paul Hills,22,M,MATH,26 Johnson St. ,52208
vl5929@nittany.edu,rof5jch8,Velma Lebsack,21,M,CHEM,9498 Newport Ave. ,50067
md8760@nittany.edu,bkiff3gh,Mrs. Deja Mosciski,21,F,CMPSC,336 Myrtle Street ,61028
rh1754@nittany.edu,08ddd6ps,Rosie Huel,22,M,EE,608 North Addison St. ,62690
mc2699@nittany.edu,gvftq3ee,Marcelina Collins,19,M,DS,9236 El Dorado St. ,32578
jh9891@nittany.edu,ra3xf3g2,Joel Hammes,18,M,IST,863 Stillwater Road ,31523
iv6531@nittany.edu,aa8obunx,Ismael Von,19,F,IST,798 North Euclid Drive ,47167
ir2135@nittany.edu,7m9wcg8w,Ivory Reichert,19,M,DS,7 Arch Court ,32805
mr1874@nittany.edu,otcje7py,Mae Rolfson,18,F,STAT,655 East Branch Dr. ,93033
rr7213@nittany.edu,wgtnbh1o,Rowland Roob V,21,F,CHEM,259 Cleveland Road ,61863
rh6801@nittany.edu,ungqga6k,Rigoberto Huel,19,M,CSE,8985 Cambridge Ave. ,31774
mj1770@nittany.edu,ehf2dmzk,Mr. Jasen Stracke,18,F,MATH,18 Lakeview Street ,50171
mm6107@nittany.edu,5yczj6oj,Ms. Maci Schamberger,21,M,IST,7313 Stillwater Lane ,66515
ma4550@nittany.edu,99wxwmdm,Mrs. Amparo Bahringer,22,M,MATH,7313 Stillwater Lane ,80116
jm2995@nittany.edu,jolwy2s0,Jarret Mante,22,F,ECON,4 Old Academy Drive ,46745
mz7054@nittany.edu,ct9v66xc,Monica Zieme,19,F,DS,9408 Anderson Court ,33167
km3504@nittany.edu,ggt4hfj9,Kevon McDermott,21,M,ECON,7297 Applegate St. ,61239
om9683@nittany.edu,30cb43o7,Ophelia Murphy,19,F,STAT,232 W. Homewood Ave. ,32087
jm6846@nittany.edu,3hbwxyko,Jeanne Marquardt,18,M,EE,232 W. Homewood Ave. ,50613
jk4828@nittany.edu,q0ssowih,Jarrett Kessler,20,M,CMPEN,119 Harvey Street ,33016
rl4225@nittany.edu,k0t192jm,Rafaela Legros,21,M,MATH,232 W. Homewood Ave. ,72856
mg8599@nittany.edu,dwq6vie7,Madelynn Grimes,19,M,PHYS,7 Arch Court ,33704
lb9630@nittany.edu,1ac5j9hy,Leonel Beahan V,20,F,PHYS,7764 Union Avenue ,80231
pp1200@nittany.edu,9hg8nilg,Price Parker,21,F,DS,285 Dogwood Drive ,94041
sw4720@nittany.edu,0v91h6mw,Stephen Ward,19,M,DS,308 Mammoth Dr. ,96035
lm1801@nittany.edu,zrzby18o,Leon Morissette,21,F,STAT,8401 Green Rd. ,61275
mh9954@nittany.edu,gysd8ywq,Mackenzie Halvorson,18,F,PHYS,18 Lakeview Street ,93060
kw1386@nittany.edu,9sr4krcq,Kara Wiegand I,21,M,ECON,232 W. Homewood Ave. ,83846
pa6499@nittany.edu,y8692wws,Pascale Abbott,21,M,CHEM,251 West Sheffield Drive ,60712
sw3767@nittany.edu,pwnt950j,Scot Will Jr.,20,M,EE,259 Cleveland Road ,61037
rl7115@nittany.edu,ibm2bo3e,Rashad Larson,19,M,EE,7 Arch Court ,66711
sb4094@nittany.edu,krp1pkam,Savanna Brakus,21,M,STAT,8378 West Pulaski Ave. ,60031
lm3612@nittany.edu,0djua4jk,Lolita Moore,20,F,CHEM,453 North Elm Dr. ,30513
mm7898@nittany.edu,yh7imzim,Maritza McKenzie,19,M,ECON,55 Hall St. ,90605
sd7475@nittany.edu,mmw3lwvp,Sammy Douglas V,22,F,MATH,780 East Redwood Drive ,47725
mz3667@nittany.edu,ntwa6o22,Marta Zieme DDS,22,M,CMPSC,4 Old Academy Drive ,95660
mo1767@nittany.edu,uhxeokud,Mrs. Oma Veum,21,F,MATH,119 Harvey Street ,85009
ms1481@nittany.edu,yxwumm5l,Marco Schaefer,18,M,DS,55 Hall St. ,86545
wr2752@nittany.edu,whmc8nsh,Wilson Runte,18,M,ECON,26 Johnson St. ,47201
ou9392@nittany.edu,9oes49js,Odessa Upton,22,F,CHEM,8687 N. Sleepy Hollow Court ,90704
ml9111@nittany.edu,1zvudew1,Melyna Lindgren,19,F,CMPSC,8378 West Pulaski Ave. ,32003
lh5555@nittany.edu,tgsfcg7u,Leon Hettinger,19,M,MATH,8687 N. Sleepy Hollow Court ,30802
rs3074@nittany.edu,e1lek9bw,Retha Schamberger,22,F,MATH,185 E. Trenton Street ,61928
mb2986@nittany.edu,yppqbd8m,Mr. Brionna Padberg,22,M,CSE,860 Wakehurst Dr. ,50428
mh2194@nittany.edu,z0ak5f78,Myrtie Hilpert,21,F,EE,336 Myrtle Street ,72367
sg9224@nittany.edu,xpddtqtt,Shayna Greenfelder V,18,F,CHEM,83 Corona Street ,93616
sl9147@nittany.edu,vjp9fvw3,Susanna Lueilwitz,22,M,IST,7195 North Canterbury Circle ,33974
tz1637@nittany.edu,z8brxxr2,Tanya Zulauf,19,M,MATH,9498 Newport Ave. ,66516
bk5477@nittany.edu,fv67v7ud,Beau Krajcik,21,F,CMPEN,780 East Redwood Drive ,31217
af2362@nittany.edu,u9sweo7t,Aurelia Ferry,22,M,CHEM,78 South Brewery Ave. ,46785
at5855@nittany.edu,rpc0ecr4,Asa Tromp,19,F,EE,9420 Tallwood Street ,83833
bb2708@nittany.edu,2z5x0wq9,Bailee Bernhard,19,M,IST,8985 Cambridge Ave. ,50655
ab1769@nittany.edu,ymt3iyum,Axel Blanda,18,F,MATH,655 East Branch Dr. ,90803
as5959@nittany.edu,c0hgfkxn,Arturo Schoen,18,F,CHEM,185 E. Trenton Street ,72762
as3517@nittany.edu,y6e4oxeo,Annabell Schuppe I,21,F,PHYS,7 Arch Court ,50668
am9248@nittany.edu,mpx009eg,Ashly McGlynn,21,M,CMPEN,639 Princeton Rd. ,80516
ab2069@nittany.edu,lx2hz60s,Augustine Bednar,21,M,ECON,708 York Dr. ,94950
ab3353@nittany.edu,p0itvgwk,Ardith Buckridge,20,M,CSE,9659 Rosewood Drive ,95231
ag4144@nittany.edu,c8tpvxdf,Antonette Gleason,19,F,EE,91 S. Gartner Street ,93267
ae4536@nittany.edu,mxdgxmjn,Annette Erdman III,19,F,CMPEN,7764 Union Avenue ,31711
as6603@nittany.edu,fzkbxbiu,Austen Schultz,20,M,CMPSC,7764 Union Avenue ,92004
as6904@nittany.edu,f096f3px,Antone Spinka,22,F,DS,266 Second Street ,34711
ah4627@nittany.edu,3t52wwlg,Angie Howell DVM,20,M,MATH,7450 West Manchester Street ,34602
ac6117@nittany.edu,17ow7v6r,Anita Cremin,19,F,MATH,259 Cleveland Road ,90033
bs3099@nittany.edu,7398f1v0,Baby Stokes,22,F,PHYS,91 S. Gartner Street ,60536
ar5750@nittany.edu,cu9pnq8n,Antonio Rice,21,M,PHYS,461 Heather Street ,6091
bk4164@nittany.edu,t26x25az,Bailee Keebler,18,M,CSE,63 Lake Forest Road ,50585
ah1893@nittany.edu,p6q31twb,Annette Heathcote,19,F,IST,9599 La Sierra St. ,83830
as4372@nittany.edu,msf24v3r,Arturo Stiedemann,19,F,CMPEN,639 Princeton Rd. ,33027
ah8649@nittany.edu,vjy43dwn,Arianna Hayes,21,F,CSE,798 North Euclid Drive ,6477
bl7521@nittany.edu,rv6h5k9v,Barbara Lynch,22,F,CSE,461 Heather Street ,85352
bp1701@nittany.edu,fms2vvht,Baron Pacocha,22,M,PHYS,655 East Branch Dr. ,33884
ah2132@nittany.edu,kp2yck94,Ardith Hettinger,20,M,STAT,461 Heather Street ,33037
aw9070@nittany.edu,7zryi69f,Assunta Walsh,19,F,PHYS,8985 Cambridge Ave. ,30222
ap7012@nittany.edu,0ahwidu1,Arnulfo Paucek,19,M,STAT,4 Old Academy Drive ,6450
aw1897@nittany.edu,ieerwn8d,Anika Walsh,18,M,EE,863 Stillwater Road ,31634
ab3016@nittany.edu,xkw7v0ch,Antonina Brekke,22,M,DS,336 Myrtle Street ,80022
as7706@nittany.edu,qe5jz5ek,Ari Simonis,22,M,DS,655 East Branch Dr. ,85328
aw2413@nittany.edu,61t53q20,Ayana Wilkinson,20,F,CMPSC,141 Gulf Rd. ,32535
ab4636@nittany.edu,7j28vvzc,Annabelle Block,19,F,STAT,308 Mammoth Dr. ,6897
ay6012@nittany.edu,ps7agu40,Arianna Yost,18,F,EE,8687 N. Sleepy Hollow Court ,61036
am1296@nittany.edu,8rkn1rx3,Angelo Macejkovic,20,F,PHYS,185 E. Trenton Street ,95503
co9856@nittany.edu,no2dsq6k,Cicero O'Kon,19,F,DS,9420 Tallwood Street ,51455
bg1874@nittany.edu,3nwq2ezo,Bettie Gibson II,18,F,IST,8985 Cambridge Ave. ,62532
cz9116@nittany.edu,3rzaa57p,Carter Zboncak,19,F,STAT,495 Jockey Hollow Ave. ,60457
ch1256@nittany.edu,qm4tj1ve,Claire Haley,18,M,CMPSC,141 Gulf Rd. ,80432
am2658@nittany.edu,2554uc0w,Ahmed Marks,21,M,MATH,18 Lakeview Street ,83342
cg4965@nittany.edu,hq5l3bz8,Cody Gislason,18,F,STAT,453 North Elm Dr. ,93604
ch2187@nittany.edu,afkpa2ws,Cyrus Haag,18,M,CMPEN,860 Wakehurst Dr. ,30912
cd3328@nittany.edu,k6a80kp9,Charlotte Donnelly,20,F,EE,259 Cleveland Road ,46902
bb2169@nittany.edu,scpn2dpp,Bethany Bernhard,21,F,ECON,358 Marvon Ave. ,46140
aj2734@nittany.edu,yi3qshz1,Abigale Jewess,21,M,CMPSC,608 North Addison St. ,67880
cs3661@nittany.edu,2vu5sf3s,Cade Spinka Jr.,22,F,CMPSC,7313 Stillwater Lane ,62082
al7553@nittany.edu,0fn7cx6r,Alden Lind,22,F,CMPEN,18 Lakeview Street ,61928
dg3029@nittany.edu,0bn8gx77,Danny Goldner,22,M,EE,7450 West Manchester Street ,50475
aw5441@nittany.edu,8jz2y2a5,Aida Wilderman,19,F,PHYS,8378 West Pulaski Ave. ,61822
br5296@nittany.edu,47fu0i8o,Bessie Reinger,21,F,CHEM,9408 Anderson Court ,94607
cb8478@nittany.edu,8vc64p5v,Cleveland Bins,19,M,IST,83 Corona Street ,95316
dh5107@nittany.edu,pfvpn4hn,Damien Hudson,19,F,PHYS,232 W. Homewood Ave. ,32776
bp7844@nittany.edu,b98cyqy7,Brice Pacocha,22,F,CMPEN,9420 Tallwood Street ,95318
cg4094@nittany.edu,p9z2n632,Cody Gutkowski,19,F,ECON,9420 Tallwood Street ,52342
co3033@nittany.edu,0n1e6pnc,Cameron Osinski,20,F,CHEM,7529 Old Sunset Road ,30101
dk6748@nittany.edu,fhdtpgwv,Dandre Kassulke,21,F,IST,798 North Euclid Drive ,91604
ag2003@nittany.edu,1diivr7z,Alexandrea Goodwin,21,M,STAT,7 Arch Court ,95385
bh9149@nittany.edu,o1rt4cbf,Brody Hackett,20,F,CMPEN,78 South Brewery Ave. ,94937
as3353@nittany.edu,crailqp3,Alanis Stracke,19,F,ECON,639 Princeton Rd. ,31787
bk6824@nittany.edu,142xk754,Bernadine Koelpin,18,F,CMPEN,251 West Sheffield Drive ,95540
ds4127@nittany.edu,ti45130u,Damon Shields,22,F,CMPSC,63 Lake Forest Road ,34797
ac5862@nittany.edu,uvhbxp40,Alexane Cremin PhD,21,F,PHYS,9659 Rosewood Drive ,92625
ck2097@nittany.edu,2x8rf35c,Cleo Kub,19,F,EE,259 Cleveland Road ,46051
cf2840@nittany.edu,8lhl9t10,Carleton Flatley,22,F,IST,8687 N. Sleepy Hollow Court ,32257
br8852@nittany.edu,6f3z7kb0,Berta Reichert,20,F,CSE,9236 El Dorado St. ,91710
cr7454@nittany.edu,6jcorz9a,Calista Reichel,19,F,MATH,7313 Stillwater Lane ,52570
ch9754@nittany.edu,ajkwwmzd,Carolyne Herman,22,M,CMPEN,9408 Anderson Court ,34488
dh6358@nittany.edu,3c34iijt,Dameon Herman,19,M,STAT,87 Vermont St. ,71827
bj2880@nittany.edu,du41ksn8,Blaze Jaskolski,21,M,CMPEN,9599 La Sierra St. ,85736
ch3297@nittany.edu,3l51ofow,Celestino Hilll,20,M,IST,655 East Branch Dr. ,34691
ak5096@nittany.edu,cl82fa7j,Abbey Kunde,21,M,PHYS,8985 Cambridge Ave. ,32563
ag1594@nittany.edu,bjppzwgj,Abigayle Goldner,18,M,EE,285 Dogwood Drive ,83666
bb3021@nittany.edu,jwnn3kbs,Brandi Bergstrom,20,F,MATH,7130 Longfellow Dr. ,90704
aw8623@nittany.edu,2ug8r41a,Abe Wintheiser,21,M,ECON,141 Gulf Rd. ,92025
cr5283@nittany.edu,gjmnphk1,Caesar Rath II,19,M,DS,9498 Newport Ave. ,61814
cn5833@nittany.edu,r18uqmoj,Chloe Nienow,21,M,PHYS,9659 Rosewood Drive ,80648
bm9506@nittany.edu,ajfck44r,Beverly Muller,21,F,IST,963 Court Road ,81019
cr7460@nittany.edu,2s9glbub,Casimer Runolfsdottir IV,19,M,CMPEN,259 Cleveland Road ,47369
ab8172@nittany.edu,avpdvzzg,Adell Bradtke,19,M,PHYS,963 Court Road ,90621
cr8911@nittany.edu,xh1z5q3c,Crawford Romaguera,20,M,CSE,863 Stillwater Road ,52649
as9069@nittany.edu,21ch6o1g,Aimee Schowalter,19,M,CHEM,963 Court Road ,67020
bb4483@nittany.edu,ib658n92,Brannon Bins,22,F,CSE,9599 La Sierra St. ,72628
cw7585@nittany.edu,6thcq3ka,Cade Wilderman,20,M,ECON,18 Lakeview Street ,86045
am3245@nittany.edu,y9hmo2y1,Alden Murazik,19,M,CSE,55 Hall St. ,93610
cb2134@nittany.edu,iu6rvymu,Chad Breitenberg,22,F,MATH,87 Vermont St. ,33013
ah8299@nittany.edu,pc2li9jb,Adelia Huels,19,F,PHYS,608 North Addison St. ,33541
bh1407@nittany.edu,0sr7srbq,Brian Huel,22,F,CMPEN,7195 North Canterbury Circle ,30135
ck4064@nittany.edu,7lsd8u6o,Crystal Keebler,22,F,IST,232 W. Homewood Ave. ,46110
cr7030@nittany.edu,0okfdvzu,Cali Reichert,22,F,PHYS,119 Harvey Street ,95540
aa2256@nittany.edu,hj0n3pp5,Abel Anderson Sr.,22,F,PHYS,8985 Cambridge Ave. ,33154
cr7834@nittany.edu,o5p7oizf,Cassie Reynolds,21,F,CMPSC,7195 North Canterbury Circle ,47456
ct2924@nittany.edu,20aadwv7,Clovis Tillman,21,M,CMPEN,9599 La Sierra St. ,6409
bw8893@nittany.edu,qocb0jon,Branson Wiegand Jr.,21,M,STAT,453 North Elm Dr. ,47850
cg7136@nittany.edu,xy9mo4ch,Carolyn Greenfelder,19,F,MATH,55 Hall St. ,30464
cc2445@nittany.edu,nc83dfhd,Cierra Christiansen,21,M,MATH,608 North Addison St. ,60963
cc1235@nittany.edu,32gvv474,Carley Collins,21,F,STAT,285 Dogwood Drive ,91803
ca6499@nittany.edu,50oqcctn,Chanelle Armstrong,18,F,CMPSC,83 Corona Street ,32449
cq4861@nittany.edu,tw5426ed,Coby Quitzon,20,F,EE,7313 Stillwater Lane ,67144
cn5368@nittany.edu,evxf35zl,Candice Nikolaus,20,M,CMPEN,7130 Longfellow Dr. ,95757
bl4092@nittany.edu,1dtdo40q,Bernhard Lakin I,21,M,CMPEN,7764 Union Avenue ,96059
ba4903@nittany.edu,00i72mf0,Breanne Ankunding,21,F,CHEM,358 Marvon Ave. ,34241
cw6141@nittany.edu,i6uh8tg6,Clare Wilderman,19,M,DS,7529 Old Sunset Road ,6854
cm4400@nittany.edu,nvxhowyn,Casey Mann,19,F,CMPEN,8401 Green Rd. ,62677
ck6661@nittany.edu,y3ujhb8l,Caterina Keebler,19,F,CHEM,7313 Stillwater Lane ,47260
co5263@nittany.edu,o00ttgut,Cassie Ondricka,21,F,STAT,9599 La Sierra St. ,32139
cs4243@nittany.edu,45ncapyh,Cooper Schamberger,22,M,CMPEN,708 York Dr. ,81027
bc4962@nittany.edu,ksq8h86c,Bert Cole,21,M,EE,87 Vermont St. ,50309
af8503@nittany.edu,wm1cdnuo,Aiden Feeney,19,M,EE,9659 Rosewood Drive ,33162
am6323@nittany.edu,9jwi71sj,Ada Morissette,18,F,CMPSC,232 W. Homewood Ave. ,62232
bp7877@nittany.edu,vwy31jv7,Berry Paucek V,19,M,PHYS,9408 Anderson Court ,94509
cw7068@nittany.edu,1zvd1snn,Constantin West,21,M,CMPEN,83 Corona Street ,62058
bl6052@nittany.edu,qgdussoj,Beau Langosh V,21,F,EE,461 Heather Street ,6612
cs2006@nittany.edu,px5st392,Constance Spencer,21,M,EE,780 East Redwood Drive ,61358
ah6141@nittany.edu,cqbh45an,Alek Har?ann,22,M,PHYS,7764 Union Avenue ,83464
cs3754@nittany.edu,4ad4so3q,Carmella Schmitt DDS,21,M,ECON,9408 Anderson Court ,62675
bk6475@nittany.edu,ms07pcfx,Bettie Keeling,21,M,MATH,780 East Redwood Drive ,91915
ch6057@nittany.edu,u618ku61,Carrie Heidenreich,21,M,CMPEN,88 Harrison Street ,60184
ar9287@nittany.edu,44vdzjle,Alan Roob,21,F,ECON,4 Old Academy Drive ,72079
bm6234@nittany.edu,mesb9dvn,Brent Murphy,20,F,DS,8131 Elizabeth Ave. ,30093
bs1006@nittany.edu,z1wbo8rz,Belle Shanahan,20,M,CMPSC,8401 Green Rd. ,81325
ca5845@nittany.edu,zfwpjz8k,Clemmie Auer,21,M,IST,453 North Elm Dr. ,66429
cb6121@nittany.edu,9ud209h4,Chadrick Bahringer,18,F,CMPEN,655 East Branch Dr. ,61776
dh5008@nittany.edu,17wgtqdn,Danika Howe,22,M,MATH,9659 Rosewood Drive ,61753
al8943@nittany.edu,ctvqpw3f,Abigayle Lind Sr.,20,M,CMPSC,7450 West Manchester Street ,96797
ak5890@nittany.edu,xi209spb,Abigayle Kuphal II,21,F,MATH,7529 Old Sunset Road ,31554
ca1975@nittany.edu,0nj3c33c,Cleveland Altenwerth DDS,22,F,DS,798 North Euclid Drive ,19941
as2674@nittany.edu,lsrte554,Alene Strosin,19,M,CMPEN,9236 El Dorado St. ,50455
ck4873@nittany.edu,v2cjbrvc,Clarissa Kessler,19,F,CHEM,963 Court Road ,62001
dr8416@nittany.edu,045ar2mf,Daniela Roberts,18,M,ECON,9599 La Sierra St. ,60707
cs5417@nittany.edu,pcccpp55,Carmela Schowalter,21,F,STAT,7764 Union Avenue ,72947
bd6345@nittany.edu,8f2lqduk,Bessie Dooley,19,F,IST,7529 Old Sunset Road ,33873
bl3745@nittany.edu,8i6is0ah,Braden Legros,22,M,EE,9420 Tallwood Street ,61071
bo5114@nittany.edu,rjpdf3er,Brannon Olson,18,F,ECON,78 South Brewery Ave. ,46268
ck8437@nittany.edu,zkvrp5jt,Carolina Keebler,20,M,EE,863 Stillwater Road ,50511
ag5931@nittany.edu,5uvu9byo,Abbey Gulgowski,18,M,DS,7195 North Canterbury Circle ,91803
bf5148@nittany.edu,9jmi0zwo,Brook Fahey,20,F,CMPSC,453 North Elm Dr. ,46506
db2409@nittany.edu,msl605wk,D'angelo Bauch,19,F,DS,9236 El Dorado St. ,95234
as2481@nittany.edu,tj74r303,Al Schamberger,18,M,CSE,9599 La Sierra St. ,32667
cd4187@nittany.edu,xs85pn08,Cathryn Dach MD,20,M,MATH,18 Lakeview Street ,46774
aj3787@nittany.edu,957kzj9i,Adrian Jacobson I,18,F,CMPEN,266 Second Street ,95303
ae5810@nittany.edu,laqw8wy4,Albin Effertz,21,M,CHEM,251 West Sheffield Drive ,93615
cc6232@nittany.edu,xgedsmm3,Candido Corwin,22,M,IST,8401 Green Rd. ,60458
br8383@nittany.edu,wd4s9vg9,Brooklyn Roob,19,F,ECON,8985 Cambridge Ave. ,51033
dc8417@nittany.edu,kmi4uxpg,Damian Cremin,21,F,CHEM,120 Heritage Lane ,62689
ap8774@nittany.edu,v05k1v63,Aditya Powlowski,18,M,STAT,7130 Longfellow Dr. ,62694
bb4001@nittany.edu,thufxhze,Bryce Beahan,18,F,DS,7764 Union Avenue ,95717
cp9426@nittany.edu,y8x1jptl,Carol Price,18,F,ECON,91 S. Gartner Street ,47802
dh7522@nittany.edu,1va14zi3,Dane Hirthe,18,M,CHEM,119 Harvey Street ,61049
ao3325@nittany.edu,p7zeye92,Alexandre O'Hara,20,M,EE,461 Heather Street ,32218
cs4540@nittany.edu,hqjkh5qw,Catharine Stamm,19,F,IST,251 West Sheffield Drive ,80203
cw3561@nittany.edu,ld6euu2f,Cecilia Wilderman,18,F,CHEM,798 North Euclid Drive ,93657
cm5322@nittany.edu,g1pp37m7,Camren Murphy,19,F,EE,182 Spring Street ,62311
ab5104@nittany.edu,ysawmj9y,Alejandrin Brekke,21,F,STAT,336 Myrtle Street ,31757
cw1038@nittany.edu,qe0iy7nq,Cloyd Walsh,21,F,DS,78 South Brewery Ave. ,32464
aw8382@nittany.edu,n24jab1u,Aisha Wolff II,22,M,PHYS,8687 N. Sleepy Hollow Court ,46239
cb5065@nittany.edu,7ypnjh47,Chaim Batz,20,F,CSE,285 Dogwood Drive ,91941
bt1573@nittany.edu,v9p6v25z,Breanna Turcotte,18,F,CMPSC,87 Vermont St. ,95824
cs3610@nittany.edu,bgqgje4n,Citlalli Strosin,21,F,CMPEN,285 Dogwood Drive ,92131
db6530@nittany.edu,ibqumeb3,Danny Boyer,19,M,STAT,453 North Elm Dr. ,32211
cs1816@nittany.edu,m6nwqse8,Colton Simonis I,22,M,EE,259 Cleveland Road ,62938
eh3966@nittany.edu,t9rgkjvk,Einar Homenick I,19,F,CMPSC,8687 N. Sleepy Hollow Court ,81654
gl5131@nittany.edu,citvflsq,Gladyce Langworth,21,F,IST,4 Old Academy Drive ,30619
eu6734@nittany.edu,wiz18kft,Eileen Ullrich,18,F,EE,863 Stillwater Road ,67450
gj1336@nittany.edu,ukbofbpy,Giovanni Jerde,20,M,ECON,26 Johnson St. ,83856
fe4839@nittany.edu,maw8k1p2,Ferne Emard,22,F,EE,88 Harrison Street ,81320
ew9592@nittany.edu,2a5d4gvm,Elwin Waelchi,21,F,CMPEN,798 North Euclid Drive ,96701
ed8801@nittany.edu,n1otsmb8,Earl Dare,22,F,IST,259 Cleveland Road ,95680
gp4162@nittany.edu,0uek82zt,Gilda Parisian,20,F,ECON,26 Johnson St. ,47805
is6689@nittany.edu,gfqase8s,Ilene Schamberger,19,F,MATH,119 Harvey Street ,81521
ie2276@nittany.edu,rzhtvxf3,Ila Emmerich,20,M,CMPEN,361 E. Sierra Street ,6059
ek4881@nittany.edu,7sgf01vp,Ewald Koelpin,19,F,CHEM,185 E. Trenton Street ,32789
gj5319@nittany.edu,20u4p5x8,Gerard Jakubowski DDS,18,F,ECON,461 Heather Street ,62548
dg3660@nittany.edu,4qtlequ2,Domingo Gulgowski,18,F,IST,18 Lakeview Street ,80302
em6584@nittany.edu,rj6abnmm,Emmie Mosciski,19,F,MATH,182 Spring Street ,52156
db1016@nittany.edu,qqnuxtqz,Dr. Buster Beahan,22,F,CMPSC,3 North Linden Ave. ,62928
gl1897@nittany.edu,nwu9w5mv,Gilberto Legros,21,F,CSE,119 Harvey Street ,85626
da1878@nittany.edu,ucsw5qmf,Dr. Ashton Stehr,22,M,CMPEN,9659 Rosewood Drive ,72360
ed7159@nittany.edu,nfl28k41,Elbert Davis,22,M,CMPSC,285 Dogwood Drive ,51577
gr5445@nittany.edu,3nsynvz6,Gardner Rippin,21,M,EE,9420 Tallwood Street ,46974
fk6517@nittany.edu,4pvvl7p1,Floy Koss,20,F,CSE,8985 Cambridge Ave. ,80744
ea7463@nittany.edu,cf5aejxt,Elvera Auer Jr.,21,F,IST,78 South Brewery Ave. ,60511
dl7664@nittany.edu,9s8t276n,Dolores Ledner,19,F,CSE,963 Court Road ,67490
dk5949@nittany.edu,69gexir6,Dr. Karelle Koss,20,M,PHYS,88 Harrison Street ,30097
do9924@nittany.edu,70pipr2e,Derick O'Hara,22,M,PHYS,120 Heritage Lane ,51442
ew2287@nittany.edu,poakps30,Ella Waelchi,20,F,PHYS,8985 Cambridge Ave. ,92113
dw8054@nittany.edu,apbb4k6x,Dorothy Wunsch,21,F,CMPEN,655 East Branch Dr. ,61761
fo7818@nittany.edu,5z1mvehd,Friedrich O'Kon II,18,F,MATH,55 Hall St. ,66091
do2791@nittany.edu,ew3xk7ww,Dortha Ondricka,19,M,PHYS,120 Heritage Lane ,62633
dl2872@nittany.edu,hr9gvnwp,Dr. Leilani Purdy,22,M,ECON,9420 Tallwood Street ,32168
hc9512@nittany.edu,l9uczvs1,Hayden Conn,19,F,EE,361 E. Sierra Street ,95459
fw9529@nittany.edu,idkbon4x,Frank Williamson,21,F,IST,461 Heather Street ,30105
fb6120@nittany.edu,hod33g2g,Fausto Bernhard III,22,F,STAT,7450 West Manchester Street ,47926
ej6416@nittany.edu,xgzmz7gb,Ethan Johnston,18,M,IST,91 S. Gartner Street ,80910
gs5261@nittany.edu,im9dpro0,Gretchen Spinka I,20,F,IST,18 Lakeview Street ,95553
hs3812@nittany.edu,yr2i3klq,Hayden Schroeder,19,M,CMPEN,91 S. Gartner Street ,94103
er9643@nittany.edu,x50p3uzk,Erin Reilly II,22,M,DS,119 Harvey Street ,95324
gb9073@nittany.edu,miklog0x,Garett Balistreri,22,M,PHYS,963 Court Road ,30820
eh3135@nittany.edu,3bhnzahn,Earl Harvey,19,M,MATH,182 Spring Street ,46721
ds7254@nittany.edu,lnjgs77d,Darrel Schmitt,20,F,CHEM,361 E. Sierra Street ,52801
dw8693@nittany.edu,abcfoz4u,Deshawn Williamson,20,M,CHEM,232 W. Homewood Ave. ,62682
eb5700@nittany.edu,i9hg2u5p,Edmond Beatty,22,M,CHEM,8985 Cambridge Ave. ,95060
gb8971@nittany.edu,jl6pbnsl,Garrison Brekke,20,F,CSE,9408 Anderson Court ,90401
eb9702@nittany.edu,5sq8neye,Eddie Botsford II,21,M,MATH,232 W. Homewood Ave. ,32568
fm5811@nittany.edu,ncm9m5oz,Fabian Murphy,20,F,ECON,185 E. Trenton Street ,61231
il8896@nittany.edu,hh2csxcn,Iliana Little,19,F,IST,266 Second Street ,47386
eb7897@nittany.edu,86efj62b,Elsa Bernhard,22,M,CSE,55 Hall St. ,62023
gb9628@nittany.edu,ixot9bd0,Gabrielle Bednar I,18,M,CSE,7313 Stillwater Lane ,32327
el2162@nittany.edu,meze5wgr,Eula Lockman,22,M,CHEM,182 Spring Street ,80525
dz1220@nittany.edu,0q4zrpw7,Dr. Zachary Corwin,20,M,DS,91 S. Gartner Street ,92021
em9606@nittany.edu,zigib19y,Earline Mitchell,22,M,STAT,780 East Redwood Drive ,50538
dd7048@nittany.edu,919nl0rg,Dr. Devante Ritchie,21,F,EE,182 Spring Street ,61479
hb4427@nittany.edu,szlotcme,Harvey Becker,18,F,CMPSC,120 Heritage Lane ,67843
du5385@nittany.edu,958ncrhf,Desiree Ullrich,19,F,DS,495 Jockey Hollow Ave. ,62243
do7088@nittany.edu,vtsv9lap,Delilah Osinski,19,M,PHYS,7130 Longfellow Dr. ,51058
hh4615@nittany.edu,1jrl9g2g,Hilbert Hagenes,22,M,CHEM,251 West Sheffield Drive ,61465
gl1181@nittany.edu,36w1lq62,Gerardo Lindgren,19,F,CSE,182 Spring Street ,72342
ds7549@nittany.edu,4f0t44o5,Dr. Sydnie Jacobi,21,M,DS,78 South Brewery Ave. ,60462
ej6093@nittany.edu,6c9w263u,Erik Jakubowski,21,F,CHEM,9420 Tallwood Street ,62817
dt1755@nittany.edu,2cqalv1d,Dr. Tomasa Kerluke,21,M,CMPEN,4 Old Academy Drive ,80011
gh1031@nittany.edu,64mrwty5,Garrison Haag,18,F,IST,358 Marvon Ave. ,60002
dg9379@nittany.edu,1ty7j48p,Daphnee Greenfelder,21,M,CMPEN,185 E. Trenton Street ,60563
hq7130@nittany.edu,ea1bz0su,Hiram Quitzon III,21,F,PHYS,708 York Dr. ,32801
dl8726@nittany.edu,luzms3yv,Dr. Lizeth Brakus,18,F,CMPEN,8131 Elizabeth Ave. ,72007
fk3783@nittany.edu,ndollp4n,Faye Keeling DDS,18,F,CHEM,63 Lake Forest Road ,33182
hs3254@nittany.edu,oolicjki,Hattie Schmeler,19,M,MATH,9408 Anderson Court ,86503
eg9777@nittany.edu,nxaztmsb,Esther Gaylord,18,F,MATH,780 East Redwood Drive ,60471
eh8403@nittany.edu,6fbe4n5f,Elisa Hahn,18,M,EE,708 York Dr. ,62867
dg1041@nittany.edu,2hraep3u,Domenic Grant,21,F,EE,655 East Branch Dr. ,30143
ew3399@nittany.edu,j8dbqrn2,Eliezer Wilkinson,19,F,PHYS,639 Princeton Rd. ,94597
dr5383@nittany.edu,33gcwtga,Domenica Ratke,22,F,STAT,185 E. Trenton Street ,46032
ib8603@nittany.edu,rwnkxe3q,Ilene Bashirian DVM,19,M,CSE,63 Lake Forest Road ,6785
ef2211@nittany.edu,pcvwpys8,Estefania Feest,19,F,EE,8131 Elizabeth Ave. ,72476
hs6780@nittany.edu,k47muh9j,Hillary Satterfield,20,F,CHEM,266 Second Street ,51440
dh7046@nittany.edu,8ir9plfy,Dr. Henri Swift,20,M,CMPSC,655 East Branch Dr. ,32140
gl5818@nittany.edu,p60j3gfp,Gwendolyn Luettgen,18,F,CHEM,7764 Union Avenue ,67749
gr4392@nittany.edu,9elp97f2,Gudrun Rowe,19,F,PHYS,308 Mammoth Dr. ,52314
hm9327@nittany.edu,ivj4t8l7,Harmony McLaughlin DDS,19,F,CSE,361 E. Sierra Street ,34769
er5239@nittany.edu,lt2o6bz7,Emmet Rath,18,M,STAT,608 North Addison St. ,92210
ek3642@nittany.edu,xq9c6pak,Ernestine Krajcik,21,M,ECON,963 Court Road ,80031
gr4591@nittany.edu,chgtsi7m,Geovanni Romaguera Jr.,19,M,CHEM,285 Dogwood Drive ,62982
fw2120@nittany.edu,uu0g93w1,Franco Windler,20,F,ECON,8131 Elizabeth Ave. ,20009
fc5125@nittany.edu,x2a4uyte,Filiberto Cole,20,M,CHEM,4 Old Academy Drive ,46808
hh1524@nittany.edu,i3vn6szs,Heaven Howell,20,M,CHEM,55 Hall St. ,62324
dg7321@nittany.edu,bevy1uqk,Devan Gleichner,22,F,DS,182 Spring Street ,47436
dp4783@nittany.edu,kwxx5jy0,Deondre Prohaska,18,F,STAT,453 North Elm Dr. ,72838
gd4593@nittany.edu,ajy7neci,Gerson Daugherty,20,M,PHYS,91 S. Gartner Street ,60955
dg7987@nittany.edu,frzsnvre,Darien Gu?ann,19,M,CMPEN,8131 Elizabeth Ave. ,50604
gr3326@nittany.edu,zxgp56he,Gonzalo Rice,19,M,IST,83 Corona Street ,31830
dk1425@nittany.edu,r7haxr52,Dr. Kaitlin Watsica,20,F,DS,9659 Rosewood Drive ,50464
fr1588@nittany.edu,f27vjkmy,Fredy Rutherford,22,M,DS,336 Myrtle Street ,30607
hc6195@nittany.edu,l29f8zdu,Henderson Conroy,20,M,CMPSC,963 Court Road ,95825
fa1972@nittany.edu,w7whiajz,Furman Anderson,22,F,DS,9236 El Dorado St. ,33406
ff4897@nittany.edu,tl5jnyof,Flavio Ferry,22,F,EE,63 Lake Forest Road ,50836
gj7421@nittany.edu,5qdetelc,Gage Jenkins,21,F,DS,7 Arch Court ,92105
dk5850@nittany.edu,ohh4mwyn,Dr. Keira Walter,18,F,PHYS,8131 Elizabeth Ave. ,32784
gh2561@nittany.edu,x8bxllty,Grayce Haag,19,M,CSE,361 E. Sierra Street ,72165
gs2617@nittany.edu,c30yd3xc,Golden Schimmel,19,F,IST,495 Jockey Hollow Ave. ,6264
eb3303@nittany.edu,27nkuhp0,Elton Boyle IV,22,F,MATH,361 E. Sierra Street ,51355
dt1653@nittany.edu,wdsa15ev,Dr. Thurman Hudson,21,M,CHEM,608 North Addison St. ,83210
em9510@nittany.edu,1srrimo3,Elwin Murazik Sr.,20,F,EE,608 North Addison St. ,61956
hh1856@nittany.edu,kjzty61o,Herbert Hansen,20,F,PHYS,232 W. Homewood Ave. ,81125
eh6509@nittany.edu,pudh3q7q,Enid Harris,21,M,PHYS,461 Heather Street ,6610
hm8630@nittany.edu,xkeuvdjo,Halle Mann,20,F,PHYS,266 Second Street ,34983
eq3640@nittany.edu,5gopxrcu,Elian Quitzon,19,F,EE,8131 Elizabeth Ave. ,50147
hw8828@nittany.edu,z79z8qv6,Holden Wilderman,19,F,ECON,55 Hall St. ,62325
ew8925@nittany.edu,5lx2bx3y,Ena Waelchi,22,M,ECON,7297 Applegate St. ,46573
ek5867@nittany.edu,nfqdx36h,Enola Kub,21,M,DS,9420 Tallwood Street ,62092
dm6277@nittany.edu,w3mm2evm,Dr. Molly Hoeger,19,F,CMPSC,860 Wakehurst Dr. ,32145
er2458@nittany.edu,38y8b748,Ebba Runte Sr.,19,M,MATH,361 E. Sierra Street ,50573
ew2185@nittany.edu,y3qo6wcu,Elyse Wisoky,22,M,DS,266 Second Street ,62677
gp3361@nittany.edu,t18b2zrh,Gabriella Pfannerstill,21,F,PHYS,4 Old Academy Drive ,34243
dh7362@nittany.edu,jzfoezkr,Dexter Hirthe Jr.,21,M,STAT,863 Stillwater Road ,6811
eo6418@nittany.edu,18zrf9xy,Edward Orn,18,F,CMPSC,308 Mammoth Dr. ,67865
da3247@nittany.edu,w6w1dk9x,Darrel Armstrong,18,M,IST,4 Old Academy Drive ,20053
gd1891@nittany.edu,jytu2joh,Guiseppe Dooley,19,F,IST,119 Harvey Street ,95726
dm4287@nittany.edu,hj4cclt0,Dion Mosciski,18,F,IST,182 Spring Street ,90270
dj4017@nittany.edu,cg3nnw0w,Dr. Josiane Herzog,20,F,DS,8378 West Pulaski Ave. ,34448
dg3528@nittany.edu,wqxumezb,Dorcas Gorczany,22,F,STAT,7529 Old Sunset Road ,90064
iw4518@nittany.edu,1eaym6hq,Ike Weissnat,20,F,STAT,495 Jockey Hollow Ave. ,47924
ds8193@nittany.edu,ywux4080,Dayton Swaniawski,19,M,CSE,259 Cleveland Road ,94938
ds2879@nittany.edu,w5fqnpdm,Dolly Schulist,18,M,EE,453 North Elm Dr. ,61015
hl4356@nittany.edu,fjpasfn0,Hallie Langworth,21,M,CSE,120 Heritage Lane ,34465
dw5475@nittany.edu,6wq0yb12,Deshaun Weissnat,20,M,CMPSC,91 S. Gartner Street ,83628
ft1093@nittany.edu,a9vg5adf,Frederique Torphy,21,M,DS,7764 Union Avenue ,32211
fs3719@nittany.edu,otygfrqd,Flossie Schoen,19,F,CSE,9236 El Dorado St. ,51443
ds2224@nittany.edu,ghv927fv,Dorris Schulist,21,M,CMPSC,639 Princeton Rd. ,85137
es8944@nittany.edu,ungh3o61,Edwardo Stokes,22,M,ECON,120 Heritage Lane ,91722
gt3176@nittany.edu,gh7gg5yc,Glennie Turcotte II,21,F,STAT,7450 West Manchester Street ,81019
dc7489@nittany.edu,vlcyuyli,Dr. Casandra Walsh,21,M,CSE,3 North Linden Ave. ,86333
ek7386@nittany.edu,y17twvre,Elenora Kessler,18,M,IST,26 Johnson St. ,33004
fg4672@nittany.edu,vp0hyviy,Freda Goldner,19,F,CHEM,708 York Dr. ,96096
da2022@nittany.edu,pjk5uuph,Dante Auer,22,M,MATH,7195 North Canterbury Circle ,71667
fs1546@nittany.edu,v2ac62yr,Flavie Stokes,20,M,PHYS,83 Corona Street ,33178
ew7279@nittany.edu,tnhnrl2s,Eusebio Wuckert,20,F,MATH,26 Johnson St. ,60952
hh9927@nittany.edu,02r32nem,Hassan Hagenes,18,M,ECON,8131 Elizabeth Ave. ,47920
gd6812@nittany.edu,uyv380bs,Gerald Dibbert,19,M,CSE,308 Mammoth Dr. ,83827
gh4919@nittany.edu,1kt3b9yp,Geraldine Hodkiewicz V,20,M,CMPSC,9420 Tallwood Street ,95923
hb6400@nittany.edu,do9np1uo,Horace Bernier,20,M,CHEM,361 E. Sierra Street ,60048
dl4708@nittany.edu,8izk0vyb,Dr. Luna Goldner,21,F,DS,608 North Addison St. ,61857
fw1745@nittany.edu,zqmrasp4,Furman Wilkinson,18,M,CMPSC,8401 Green Rd. ,95634
gb6345@nittany.edu,61ps0ls8,Gunnar Bogan,21,M,CSE,120 Heritage Lane ,95336
ed1041@nittany.edu,c08ymku9,Ervin Davis,22,M,ECON,9599 La Sierra St. ,46764
er8341@nittany.edu,sgmnaby3,Elmira Robel Sr.,22,M,CMPSC,9236 El Dorado St. ,83712
ej3628@nittany.edu,2h2zgp0u,Erica Jewess,22,F,PHYS,26 Johnson St. ,34233
gs3266@nittany.edu,fkxcd7sb,Garett Shields Jr.,18,M,CMPSC,55 Hall St. ,20540
dm6239@nittany.edu,yvon4auv,Dr. Morgan Sanford,20,F,CSE,87 Vermont St. ,95742
fh7189@nittany.edu,lbkrizuu,Florida Hoeger,19,M,CHEM,8131 Elizabeth Ave. ,67843
gr1809@nittany.edu,kov519o8,Gerda Ritchie,18,M,CMPEN,185 E. Trenton Street ,71834
hm5525@nittany.edu,pvksy5g9,Henderson Morissette,19,M,CMPEN,461 Heather Street ,61850
eg7228@nittany.edu,nfs52rx9,Eleazar Greenholt,20,M,CHEM,83 Corona Street ,95310
em2859@nittany.edu,jtcvb5mi,Elinore Moen,22,M,ECON,8687 N. Sleepy Hollow Court ,92707
eg5689@nittany.edu,kec1tvvq,Elwyn Gorczany,19,M,ECON,453 North Elm Dr. ,30070
dc8436@nittany.edu,30m8mgg8,Donnie Conn,21,F,IST,83 Corona Street ,81521
eo5933@nittany.edu,5n7rxat6,Eugenia Osinski,19,F,ECON,55 Hall St. ,67671
ek2555@nittany.edu,xuiy7mzm,Emanuel Kris,19,F,ECON,87 Vermont St. ,6256
ib9263@nittany.edu,i2dfgepr,Ida Blanda,21,F,CHEM,860 Wakehurst Dr. ,92003
dl7100@nittany.edu,4bkr5n7f,Dr. Lloyd Barrows,20,M,PHYS,461 Heather Street ,62201
gh1212@nittany.edu,448p81am,Garnett Hessel,22,F,MATH,9659 Rosewood Drive ,66869
dc3082@nittany.edu,vak3gwpe,Darwin Carroll IV,18,F,PHYS,9498 Newport Ave. ,60564
em3990@nittany.edu,f3e9tv4d,Eda Marks,18,F,IST,308 Mammoth Dr. ,60532
dk9439@nittany.edu,443bieq9,Doris Koch,18,M,ECON,453 North Elm Dr. ,33815
gs6695@nittany.edu,i54i8e4r,Greta Schowalter DDS,21,F,MATH,7313 Stillwater Lane ,60657
gp6880@nittany.edu,zktkgfvs,Gayle Pollich,19,M,CMPSC,860 Wakehurst Dr. ,19940
es9891@nittany.edu,vb0kg02i,Enos Schulist,20,F,CSE,336 Myrtle Street ,91325
ds2211@nittany.edu,uwvxra29,Domenica Schumm,19,F,DS,8985 Cambridge Ave. ,50543
er2244@nittany.edu,9gzrg9k4,Eugenia Rath,19,M,MATH,266 Second Street ,46260
do8320@nittany.edu,uo1yl5kn,Dr. Oscar Rath,22,F,DS,7529 Old Sunset Road ,32766
er6539@nittany.edu,23fvo5oo,Emmett Rodriguez,19,F,CMPEN,7529 Old Sunset Road ,50540
ds2123@nittany.edu,c7h45b7v,Dean Sporer,22,F,CHEM,798 North Euclid Drive ,60958
dg8738@nittany.edu,xuub6w1z,Dulce Gulgowski,22,F,DS,259 Cleveland Road ,6023
dr9676@nittany.edu,d712nupf,Deondre Rutherford,19,F,ECON,88 Harrison Street ,95412
er2818@nittany.edu,n0a9z5fp,Ezequiel Ratke,21,F,PHYS,6 Andover Dr. ,95490
gc5107@nittany.edu,ao2yf2ru,Gaylord Collins DVM,22,M,DS,7450 West Manchester Street ,83234
da8807@nittany.edu,0cs9xyii,Darion Aufderhar II,19,M,IST,3 North Linden Ave. ,50023
gk3247@nittany.edu,s52yl1va,Gladyce Kertzmann,20,F,MATH,26 Johnson St. ,96074
hs1177@nittany.edu,xd4a1vbi,Hadley Stracke,20,F,CSE,7450 West Manchester Street ,33703
hb7496@nittany.edu,gbgrtgkb,Hattie Boehm,20,M,EE,9659 Rosewood Drive ,95426
hd3109@nittany.edu,x6lpxfnx,Harold Durgan,20,M,CMPSC,798 North Euclid Drive ,32444
dm9701@nittany.edu,1ekz58ar,Dr. Mariano Collier,18,M,ECON,266 Second Street ,80264
es2273@nittany.edu,s7vf7d8s,Esmeralda Smith IV,20,F,MATH,9599 La Sierra St. ,52583
em7352@nittany.edu,cdessibr,Emiliano McCullough,21,F,CSE,251 West Sheffield Drive ,61326
dr6246@nittany.edu,fb6id2et,Dr. Reagan Johnston,22,M,CSE,120 Heritage Lane ,85135
dw2632@nittany.edu,2uy51mpb,Dianna Wehner,18,M,MATH,7313 Stillwater Lane ,62921
dh1318@nittany.edu,yytd1q6l,Deondre Hagenes,19,M,DS,8378 West Pulaski Ave. ,31309
ev8921@nittany.edu,uv9ce60h,Electa VonRueden,18,F,MATH,461 Heather Street ,62275
gw5806@nittany.edu,4jjj4cp0,Gudrun Ward PhD,21,M,IST,453 North Elm Dr. ,50454
dr3255@nittany.edu,qenoerax,Dr. Reva Kuhic,21,F,EE,8131 Elizabeth Ave. ,30566
dh3792@nittany.edu,23b23uk4,Deondre Harber,19,F,ECON,285 Dogwood Drive ,83810
dc5453@nittany.edu,behfw2pz,Doris Cremin,22,F,CSE,655 East Branch Dr. ,50271
fh5083@nittany.edu,219xa2c5,Fredrick Howell,22,F,MATH,3 North Linden Ave. ,61606
ew8429@nittany.edu,f3brslrz,Elnora Wilderman,20,F,ECON,7130 Longfellow Dr. ,92821
eb2377@nittany.edu,8uxa5m0p,Else Batz,21,M,MATH,780 East Redwood Drive ,61345
fr6216@nittany.edu,sh44t6ty,Forrest Ruecker PhD,19,F,IST,7764 Union Avenue ,50222
eb9389@nittany.edu,9x7jrlvr,Eva Blanda,22,F,STAT,7450 West Manchester Street ,93442
ee6932@nittany.edu,eegpby2t,Edmond Effertz I,22,F,CSE,608 North Addison St. ,52745
er9391@nittany.edu,1pmel9s9,Etha Romaguera,18,F,CSE,83 Corona Street ,31220
da4619@nittany.edu,dp3zoe6q,Dr. Anabel Stoltenberg,19,M,CHEM,232 W. Homewood Ave. ,93660
dr7544@nittany.edu,1msis5t3,Dolores Runolfsdottir DDS,20,F,CMPEN,308 Mammoth Dr. ,96783
ej7700@nittany.edu,7e90f7qq,Eliza Jacobi II,21,F,CMPEN,8378 West Pulaski Ave. ,86502
df7770@nittany.edu,ug376ep9,Dr. Foster Langosh,21,F,STAT,7529 Old Sunset Road ,85027
ds5937@nittany.edu,ajrdjhxl,Dr. Sage Smitham,18,M,CSE,780 East Redwood Drive ,52352
hk5972@nittany.edu,coevsfej,Halle Koepp,19,M,PHYS,285 Dogwood Drive ,95956
dg6925@nittany.edu,t03b6hb4,Darien Gibson,22,M,MATH,608 North Addison St. ,33755
em9445@nittany.edu,n26pn5ng,Eldon Macejkovic,21,M,MATH,608 North Addison St. ,72482
gk9861@nittany.edu,t4vk29f9,Gerry Kuvalis Jr.,19,F,MATH,7 Arch Court ,93022
gc5114@nittany.edu,9fkl8w6t,Gregorio Cummings,22,F,IST,266 Second Street ,33193
dj1479@nittany.edu,tn9wg74p,Dock Johns,18,M,EE,655 East Branch Dr. ,20260
hr2868@nittany.edu,ggyn6nh9,Hailee Runolfsson,22,F,ECON,358 Marvon Ave. ,85225
fb4575@nittany.edu,hkjob0h1,Flossie Bednar,19,F,ECON,7 Arch Court ,80830
de5828@nittany.edu,to578yi5,Dr. Elton Green,18,M,PHYS,8985 Cambridge Ave. ,71851
fm5590@nittany.edu,52ibosdi,Florian Mante,22,F,CSE,798 North Euclid Drive ,92276
fr8166@nittany.edu,hwazzxlh,Frank Ryan,19,F,CMPEN,461 Heather Street ,46340
dl6390@nittany.edu,jy0in5m2,Dr. Lambert Jaskolski,18,M,CMPSC,358 Marvon Ave. ,81092
df8189@nittany.edu,fff7sx3o,Darlene Flatley,22,M,MATH,9408 Anderson Court ,50039
